"","location","price","mdy","timestamp","last4ccnum","H","loyaltynum"
"1","Abila Airport",124.89,2014-01-07,2014-01-07 12:29:00,8642,"12","L2769"
"2","Abila Airport",228.41,2014-01-14,2014-01-14 12:30:00,8642,"12","L2769"
"3","Abila Airport",612.47,2014-01-06,2014-01-06 15:39:00,8642,"15","L2769"
"4","Abila Airport",777.06,2014-01-06,2014-01-06 15:14:00,9220,"15","L4063"
"5","Abila Airport",875.87,2014-01-15,2014-01-15 15:40:00,8642,"15","L2769"
"6","Abila Airport",1676.53,2014-01-16,2014-01-16 09:18:00,3506,"09","L7761"
"7","Abila Airport",2228.08,2014-01-13,2014-01-13 16:56:00,8642,"16","L2769"
"8","Abila Airport",2358.22,2014-01-09,2014-01-09 09:26:00,3506,"09","L7761"
"9","Abila Airport",2723.18,2014-01-08,2014-01-08 12:45:00,8642,"12","L2769"
"10","Abila Airport",2769.12,2014-01-08,2014-01-08 15:29:00,8642,"15","L2769"
"11","Abila Airport",3138.98,2014-01-16,2014-01-16 13:22:00,2276,"13","L3317"
"12","Abila Airport",3152.41,2014-01-15,2014-01-15 12:25:00,8642,"12","L2769"
"13","Abila Airport",3411.29,2014-01-07,2014-01-07 15:41:00,8642,"15","L2769"
"14","Abila Airport",3617.47,2014-01-13,2014-01-13 08:15:00,9220,"08","L4063"
"15","Abila Airport",3840.37,2014-01-07,2014-01-07 09:17:00,3506,"09","L7761"
"16","Abila Airport",3917.3,2014-01-16,2014-01-16 12:40:00,8642,"12","L2769"
"17","Abila Airport",4417.03,2014-01-13,2014-01-13 12:11:00,8642,"12","L2769"
"18","Abila Airport",4538.52,2014-01-09,2014-01-09 15:50:00,8642,"15","L2769"
"19","Abila Airport",4540.08,2014-01-06,2014-01-06 08:23:00,9220,"08","L4063"
"20","Abila Airport",4792.5,2014-01-09,2014-01-09 13:18:00,2276,"13","L3317"
"21","Abila Scrapyard",1158.36,2014-01-09,2014-01-09 14:12:00,2276,"14","L3317"
"22","Abila Scrapyard",1897.05,2014-01-16,2014-01-16 16:56:00,2276,"16","L3317"
"23","Abila Scrapyard",2149.28,2014-01-07,2014-01-07 14:16:00,2276,"14","L3317"
"24","Abila Scrapyard",4277.4,2014-01-14,2014-01-14 14:13:00,2276,"14","L3317"
"25","Abila Zacharo",8.16,2014-01-09,2014-01-09 13:24:00,3484,"13","L2490"
"26","Abila Zacharo",8.22,2014-01-10,2014-01-10 13:59:00,1874,"13","L4424"
"27","Abila Zacharo",8.41,2014-01-14,2014-01-14 13:38:00,6816,"13","L8148"
"28","Abila Zacharo",8.43,2014-01-16,2014-01-16 13:55:00,6901,"13","L9363"
"29","Abila Zacharo",8.6,2014-01-09,2014-01-09 13:32:00,2463,"13","L6886"
"30","Abila Zacharo",8.72,2014-01-13,2014-01-13 13:27:00,9683,"13","L7291"
"31","Abila Zacharo",9.32,2014-01-10,2014-01-10 14:09:00,6691,"14","L6267"
"32","Abila Zacharo",10.24,2014-01-14,2014-01-14 13:37:00,1310,"13","L8012"
"33","Abila Zacharo",11.2,2014-01-12,2014-01-12 13:45:00,9683,"13","L7291"
"34","Abila Zacharo",11.99,2014-01-13,2014-01-13 13:42:00,9635,"13","L3191"
"35","Abila Zacharo",13.52,2014-01-07,2014-01-07 13:20:00,1415,"13","L7783"
"36","Abila Zacharo",14.37,2014-01-09,2014-01-09 14:15:00,7819,"14","L5259"
"37","Abila Zacharo",14.41,2014-01-08,2014-01-08 13:34:00,1415,"13","L7783"
"38","Abila Zacharo",14.51,2014-01-17,2014-01-17 13:41:00,2142,"13","L9637"
"39","Abila Zacharo",15.26,2014-01-14,2014-01-14 13:35:00,9405,"13","L3259"
"40","Abila Zacharo",15.95,2014-01-17,2014-01-17 13:28:00,5010,"13","L2459"
"41","Abila Zacharo",16.12,2014-01-10,2014-01-10 14:01:00,3492,"14","L7814"
"42","Abila Zacharo",16.2,2014-01-08,2014-01-08 13:53:00,9617,"13","L5553"
"43","Abila Zacharo",16.59,2014-01-18,2014-01-18 13:32:00,9551,"13","L5777"
"44","Abila Zacharo",17.41,2014-01-13,2014-01-13 13:51:00,7819,"13","L5259"
"45","Abila Zacharo",17.81,2014-01-07,2014-01-07 13:41:00,9683,"13","L7291"
"46","Abila Zacharo",18.45,2014-01-18,2014-01-18 13:25:00,7253,"13","L1682"
"47","Abila Zacharo",20.73,2014-01-09,2014-01-09 13:40:00,1874,"13","L4424"
"48","Abila Zacharo",21.29,2014-01-18,2014-01-18 19:36:00,4795,"19","L8566"
"49","Abila Zacharo",22.13,2014-01-08,2014-01-08 13:10:00,5407,"13","L4034"
"50","Abila Zacharo",23.15,2014-01-06,2014-01-06 13:54:00,9405,"13","L3259"
"51","Abila Zacharo",23.51,2014-01-15,2014-01-15 13:26:00,7688,"13","L4164"
"52","Abila Zacharo",24.38,2014-01-16,2014-01-16 13:48:00,4948,"13","L9406"
"53","Abila Zacharo",24.53,2014-01-15,2014-01-15 14:02:00,3492,"14","L7814"
"54","Abila Zacharo",24.87,2014-01-14,2014-01-14 14:03:00,4434,"14","L2169"
"55","Abila Zacharo",27.3,2014-01-13,2014-01-13 13:34:00,1321,"13","L4149"
"56","Abila Zacharo",28.25,2014-01-08,2014-01-08 13:46:00,2681,"13","L1107"
"57","Abila Zacharo",30.08,2014-01-06,2014-01-06 13:27:00,7688,"13","L4164"
"58","Abila Zacharo",30.85,2014-01-08,2014-01-08 13:51:00,6901,"13","L9363"
"59","Abila Zacharo",31,2014-01-15,2014-01-15 13:22:00,7889,"13","L6119"
"60","Abila Zacharo",31.09,2014-01-14,2014-01-14 13:35:00,8411,"13","L6110"
"61","Abila Zacharo",31.31,2014-01-16,2014-01-16 13:27:00,3547,"13","L9362"
"62","Abila Zacharo",31.34,2014-01-10,2014-01-10 13:46:00,2681,"13","L1107"
"63","Abila Zacharo",32.4,2014-01-07,2014-01-07 13:44:00,2418,"13","L9018"
"64","Abila Zacharo",33.8,2014-01-15,2014-01-15 13:58:00,3547,"13","L9362"
"65","Abila Zacharo",36.38,2014-01-10,2014-01-10 14:03:00,7819,"14","L5259"
"66","Abila Zacharo",36.73,2014-01-10,2014-01-10 13:36:00,1310,"13","L8012"
"67","Abila Zacharo",36.85,2014-01-08,2014-01-08 13:23:00,2463,"13","L6886"
"68","Abila Zacharo",45.2,2014-01-11,2014-01-11 14:19:00,6901,"14","L9363"
"69","Abila Zacharo",47.8,2014-01-19,2014-01-19 14:20:00,6901,"14","L9363"
"70","Abila Zacharo",48.39,2014-01-09,2014-01-09 13:47:00,1286,"13","L3288"
"71","Abila Zacharo",50.14,2014-01-06,2014-01-06 13:27:00,1286,"13","L3288"
"72","Abila Zacharo",54.82,2014-01-11,2014-01-11 13:32:00,1310,"13","L8012"
"73","Abila Zacharo",64.5,2014-01-13,2014-01-13 13:21:00,1286,"13","L3288"
"74","Abila Zacharo",64.71,2014-01-16,2014-01-16 13:22:00,1286,"13","L3288"
"75","Abila Zacharo",89.54,2014-01-11,2014-01-11 13:33:00,2540,"13","L5947"
"76","Abila Zacharo",111.93,2014-01-18,2014-01-18 13:04:00,8156,"13","L5224"
"77","Ahaggo Museum",26.91,2014-01-19,2014-01-19 13:26:00,9241,"13","L3288"
"78","Ahaggo Museum",55.55,2014-01-18,2014-01-18 14:51:00,1286,"14","L3288"
"79","Ahaggo Museum",89.32,2014-01-11,2014-01-11 16:24:00,4795,"16","L8566"
"80","Ahaggo Museum",120.2,2014-01-12,2014-01-12 16:27:00,6901,"16","L9363"
"81","Ahaggo Museum",120.2,2014-01-18,2014-01-18 14:55:00,7384,"14","L3800"
"82","Albert's Fine Clothing",35.66,2014-01-18,2014-01-18 15:20:00,6895,"15","L3366"
"83","Albert's Fine Clothing",49.48,2014-01-13,2014-01-13 20:42:00,1321,"20","L4149"
"84","Albert's Fine Clothing",50.77,2014-01-14,2014-01-14 20:05:00,3484,"20","L2490"
"85","Albert's Fine Clothing",63.36,2014-01-12,2014-01-12 19:58:00,1877,"19","L3014"
"86","Albert's Fine Clothing",78.91,2014-01-07,2014-01-07 20:10:00,7117,"20","L6417"
"87","Albert's Fine Clothing",91.71,2014-01-16,2014-01-16 20:25:00,7819,"20","L5259"
"88","Albert's Fine Clothing",105.33,2014-01-11,2014-01-11 19:27:00,8156,"19","L5224"
"89","Albert's Fine Clothing",121.76,2014-01-06,2014-01-06 21:03:00,4434,"21","L2169"
"90","Albert's Fine Clothing",126.13,2014-01-10,2014-01-10 20:11:00,6895,"20","L3366"
"91","Albert's Fine Clothing",136.01,2014-01-08,2014-01-08 20:45:00,9635,"20","L3191"
"92","Albert's Fine Clothing",189.52,2014-01-18,2014-01-18 15:57:00,6691,"15","L6267"
"93","Albert's Fine Clothing",195.81,2014-01-12,2014-01-12 15:49:00,2142,"15","L9637"
"94","Albert's Fine Clothing",211.47,2014-01-11,2014-01-11 16:01:00,4434,"16","L2169"
"95","Albert's Fine Clothing",224.52,2014-01-09,2014-01-09 20:21:00,7117,"20","L6417"
"96","Albert's Fine Clothing",226.49,2014-01-18,2014-01-18 18:59:00,8156,"18","L5224"
"97","Albert's Fine Clothing",228.15,2014-01-15,2014-01-15 20:46:00,7117,"20","L6417"
"98","Albert's Fine Clothing",228.72,2014-01-14,2014-01-14 20:50:00,9635,"20","L3191"
"99","Albert's Fine Clothing",229.98,2014-01-09,2014-01-09 21:27:00,8332,"21","L2070"
"100","Albert's Fine Clothing",254.29,2014-01-19,2014-01-19 20:02:00,2540,"20","L5947"
"101","Albert's Fine Clothing",274.66,2014-01-19,2014-01-19 15:39:00,2142,"15","L9637"
"102","Albert's Fine Clothing",276.9,2014-01-06,2014-01-06 20:26:00,9551,"20","L5777"
"103","Albert's Fine Clothing",283.38,2014-01-16,2014-01-16 20:08:00,7117,"20","L6417"
"104","Albert's Fine Clothing",288,2014-01-13,2014-01-13 20:35:00,7688,"20","L4164"
"105","Albert's Fine Clothing",1239.41,2014-01-17,2014-01-17 19:44:00,1321,"19","L4149"
"106","Bean There Done That",3.92,2014-01-10,2014-01-10 12:00:00,9635,"12","L3191"
"107","Bean There Done That",4.06,2014-01-09,2014-01-09 12:00:00,1877,"12","L3014"
"108","Bean There Done That",4.27,2014-01-06,2014-01-06 12:00:00,6895,"12","L3366"
"109","Bean There Done That",5.24,2014-01-06,2014-01-06 12:00:00,1321,"12","L4149"
"110","Bean There Done That",5.34,2014-01-15,2014-01-15 12:00:00,9635,"12","L3191"
"111","Bean There Done That",5.54,2014-01-13,2014-01-13 12:00:00,1321,"12","L4149"
"112","Bean There Done That",5.56,2014-01-16,2014-01-16 12:00:00,1877,"12","L3014"
"113","Bean There Done That",5.77,2014-01-17,2014-01-17 12:00:00,6895,"12","L3366"
"114","Bean There Done That",5.9,2014-01-14,2014-01-14 12:00:00,6895,"12","L3366"
"115","Bean There Done That",7.28,2014-01-14,2014-01-14 12:00:00,1415,"12","L7783"
"116","Bean There Done That",7.93,2014-01-13,2014-01-13 12:00:00,1415,"12","L7783"
"117","Bean There Done That",8.03,2014-01-07,2014-01-07 12:00:00,1321,"12","L4149"
"118","Bean There Done That",8.21,2014-01-17,2014-01-17 12:00:00,9635,"12","L3191"
"119","Bean There Done That",8.54,2014-01-06,2014-01-06 12:00:00,1877,"12","L3014"
"120","Bean There Done That",9.3,2014-01-10,2014-01-10 12:00:00,6895,"12","L3366"
"121","Bean There Done That",10.28,2014-01-06,2014-01-06 12:00:00,1415,"12","L7783"
"122","Bean There Done That",10.37,2014-01-13,2014-01-13 12:00:00,1874,"12","L4424"
"123","Bean There Done That",12.07,2014-01-08,2014-01-08 12:00:00,9635,"12","L3191"
"124","Bean There Done That",12.33,2014-01-16,2014-01-16 12:00:00,9635,"12","L3191"
"125","Bean There Done That",13,2014-01-09,2014-01-09 12:00:00,1415,"12","L7783"
"126","Bean There Done That",13.41,2014-01-10,2014-01-10 12:00:00,1877,"12","L3014"
"127","Bean There Done That",15.24,2014-01-13,2014-01-13 12:00:00,9617,"12","L5553"
"128","Bean There Done That",15.24,2014-01-15,2014-01-15 12:00:00,6895,"12","L3366"
"129","Bean There Done That",15.39,2014-01-10,2014-01-10 12:00:00,1415,"12","L7783"
"130","Bean There Done That",16.09,2014-01-06,2014-01-06 12:00:00,9635,"12","L3191"
"131","Bean There Done That",17.4,2014-01-16,2014-01-16 12:00:00,6895,"12","L3366"
"132","Bean There Done That",17.45,2014-01-08,2014-01-08 12:00:00,1415,"12","L7783"
"133","Bean There Done That",18.59,2014-01-13,2014-01-13 12:00:00,6895,"12","L3366"
"134","Bean There Done That",18.67,2014-01-10,2014-01-10 12:00:00,1321,"12","L4149"
"135","Bean There Done That",18.72,2014-01-17,2014-01-17 12:00:00,1321,"12","L4149"
"136","Bean There Done That",18.96,2014-01-15,2014-01-15 12:00:00,1321,"12","L4149"
"137","Bean There Done That",19.37,2014-01-14,2014-01-14 12:00:00,9635,"12","L3191"
"138","Bean There Done That",19.56,2014-01-13,2014-01-13 12:00:00,1877,"12","L3014"
"139","Bean There Done That",19.56,2014-01-17,2014-01-17 12:00:00,1877,"12","L3014"
"140","Bean There Done That",19.67,2014-01-17,2014-01-17 12:00:00,1415,"12","L7783"
"141","Bean There Done That",19.82,2014-01-16,2014-01-16 12:00:00,1415,"12","L7783"
"142","Brew've Been Served",3,2014-01-07,2014-01-07 07:52:00,4434,"07","L2169"
"143","Brew've Been Served",3.03,2014-01-10,2014-01-10 08:09:00,7819,"08","L5259"
"144","Brew've Been Served",3.09,2014-01-08,2014-01-08 07:42:00,4948,"07","L9406"
"145","Brew've Been Served",3.09,2014-01-17,2014-01-17 08:15:00,3853,"08","L1485"
"146","Brew've Been Served",3.14,2014-01-15,2014-01-15 07:58:00,4948,"07","L9406"
"147","Brew've Been Served",3.21,2014-01-14,2014-01-14 08:03:00,1286,"08","L3572"
"148","Brew've Been Served",3.42,2014-01-08,2014-01-08 08:01:00,7384,"08","L3800"
"149","Brew've Been Served",3.47,2014-01-15,2014-01-15 08:06:00,8202,"08","L2343"
"150","Brew've Been Served",3.66,2014-01-14,2014-01-14 07:53:00,6816,"07","L8148"
"151","Brew've Been Served",3.67,2014-01-06,2014-01-06 07:55:00,3484,"07","L2490"
"152","Brew've Been Served",3.71,2014-01-15,2014-01-15 07:34:00,7384,"07","L3800"
"153","Brew've Been Served",3.92,2014-01-08,2014-01-08 08:01:00,8202,"08","L2343"
"154","Brew've Been Served",4.17,2014-01-06,2014-01-06 07:38:00,5368,"07","L2247"
"155","Brew've Been Served",4.24,2014-01-06,2014-01-06 07:37:00,7384,"07","L3800"
"156","Brew've Been Served",4.27,2014-01-06,2014-01-06 08:00:00,5407,"08","L4034"
"157","Brew've Been Served",4.39,2014-01-07,2014-01-07 07:50:00,5407,"07","L4034"
"158","Brew've Been Served",4.7,2014-01-16,2014-01-16 07:53:00,4795,"07","L8566"
"159","Brew've Been Served",4.72,2014-01-14,2014-01-14 07:31:00,4795,"07","L8566"
"160","Brew've Been Served",4.92,2014-01-15,2014-01-15 07:57:00,4795,"07","L8566"
"161","Brew've Been Served",5.01,2014-01-10,2014-01-10 07:45:00,3484,"07","L2490"
"162","Brew've Been Served",5.08,2014-01-07,2014-01-07 07:27:00,7384,"07","L3800"
"163","Brew've Been Served",5.13,2014-01-09,2014-01-09 07:48:00,4795,"07","L8566"
"164","Brew've Been Served",5.29,2014-01-17,2014-01-17 08:17:00,6901,"08","L9363"
"165","Brew've Been Served",5.3,2014-01-09,2014-01-09 07:48:00,7384,"07","L3800"
"166","Brew've Been Served",5.31,2014-01-10,2014-01-10 08:01:00,6901,"08","L9363"
"167","Brew've Been Served",5.66,2014-01-06,2014-01-06 08:07:00,6901,"08","L9363"
"168","Brew've Been Served",5.75,2014-01-15,2014-01-15 07:58:00,8411,"07","L6110"
"169","Brew've Been Served",5.82,2014-01-16,2014-01-16 08:02:00,3853,"08","L1485"
"170","Brew've Been Served",5.87,2014-01-14,2014-01-14 07:40:00,9683,"07","L7291"
"171","Brew've Been Served",5.89,2014-01-10,2014-01-10 08:01:00,1286,"08","L3572"
"172","Brew've Been Served",6.21,2014-01-09,2014-01-09 08:00:00,4434,"08","L2169"
"173","Brew've Been Served",6.3,2014-01-08,2014-01-08 08:18:00,4434,"08","L2169"
"174","Brew've Been Served",6.45,2014-01-14,2014-01-14 07:48:00,3853,"07","L1485"
"175","Brew've Been Served",6.58,2014-01-15,2014-01-15 07:48:00,7819,"07","L5259"
"176","Brew've Been Served",6.69,2014-01-13,2014-01-13 08:22:00,7819,"08","L5259"
"177","Brew've Been Served",7.26,2014-01-08,2014-01-08 08:16:00,1286,"08","L3572"
"178","Brew've Been Served",7.31,2014-01-14,2014-01-14 07:35:00,7354,"07","L9254"
"179","Brew've Been Served",7.31,2014-01-16,2014-01-16 07:50:00,7384,"07","L3800"
"180","Brew've Been Served",8,2014-01-13,2014-01-13 07:40:00,9683,"07","L7291"
"181","Brew've Been Served",8.04,2014-01-13,2014-01-13 07:38:00,7384,"07","L3800"
"182","Brew've Been Served",8.07,2014-01-17,2014-01-17 07:50:00,4948,"07","L9406"
"183","Brew've Been Served",8.18,2014-01-16,2014-01-16 07:34:00,7354,"07","L9254"
"184","Brew've Been Served",8.24,2014-01-14,2014-01-14 07:53:00,7384,"07","L3800"
"185","Brew've Been Served",8.27,2014-01-08,2014-01-08 07:48:00,6816,"07","L8148"
"186","Brew've Been Served",8.33,2014-01-06,2014-01-06 07:35:00,6816,"07","L8148"
"187","Brew've Been Served",8.4,2014-01-08,2014-01-08 07:58:00,5407,"07","L4034"
"188","Brew've Been Served",8.42,2014-01-15,2014-01-15 08:00:00,5368,"08","L2247"
"189","Brew've Been Served",8.88,2014-01-06,2014-01-06 07:59:00,7819,"07","L5259"
"190","Brew've Been Served",9.53,2014-01-13,2014-01-13 07:56:00,4948,"07","L9406"
"191","Brew've Been Served",9.53,2014-01-14,2014-01-14 07:53:00,8202,"07","L2343"
"192","Brew've Been Served",9.6,2014-01-06,2014-01-06 07:43:00,4948,"07","L9406"
"193","Brew've Been Served",10.15,2014-01-08,2014-01-08 08:03:00,6901,"08","L9363"
"194","Brew've Been Served",10.52,2014-01-17,2014-01-17 07:57:00,7354,"07","L9254"
"195","Brew've Been Served",10.96,2014-01-14,2014-01-14 07:45:00,3484,"07","L2490"
"196","Brew've Been Served",11.2,2014-01-06,2014-01-06 08:16:00,8411,"08","L6110"
"197","Brew've Been Served",11.21,2014-01-16,2014-01-16 08:23:00,8411,"08","L6110"
"198","Brew've Been Served",11.23,2014-01-15,2014-01-15 07:49:00,1286,"07","L3572"
"199","Brew've Been Served",11.34,2014-01-06,2014-01-06 07:28:00,4795,"07","L8566"
"200","Brew've Been Served",11.47,2014-01-15,2014-01-15 07:45:00,9405,"07","L3259"
"201","Brew've Been Served",11.48,2014-01-08,2014-01-08 08:09:00,8411,"08","L6110"
"202","Brew've Been Served",11.49,2014-01-13,2014-01-13 08:07:00,1286,"08","L3572"
"203","Brew've Been Served",11.53,2014-01-14,2014-01-14 08:13:00,8411,"08","L6110"
"204","Brew've Been Served",11.69,2014-01-17,2014-01-17 07:36:00,5368,"07","L2247"
"205","Brew've Been Served",11.91,2014-01-07,2014-01-07 08:00:00,4948,"08","L9406"
"206","Brew've Been Served",11.92,2014-01-07,2014-01-07 07:54:00,1286,"07","L3572"
"207","Brew've Been Served",11.94,2014-01-14,2014-01-14 07:58:00,7819,"07","L5259"
"208","Brew've Been Served",12.31,2014-01-14,2014-01-14 08:13:00,6901,"08","L9363"
"209","Brew've Been Served",12.64,2014-01-10,2014-01-10 08:17:00,4434,"08","L2169"
"210","Brew've Been Served",12.67,2014-01-16,2014-01-16 07:52:00,1286,"07","L3572"
"211","Brew've Been Served",12.74,2014-01-07,2014-01-07 07:31:00,5368,"07","L2247"
"212","Brew've Been Served",12.83,2014-01-16,2014-01-16 07:55:00,6816,"07","L8148"
"213","Brew've Been Served",13.32,2014-01-10,2014-01-10 07:48:00,9405,"07","L3259"
"214","Brew've Been Served",13.37,2014-01-13,2014-01-13 08:00:00,8411,"08","L6110"
"215","Brew've Been Served",13.66,2014-01-17,2014-01-17 08:03:00,3484,"08","L2490"
"216","Brew've Been Served",14.04,2014-01-14,2014-01-14 07:45:00,4948,"07","L9406"
"217","Brew've Been Served",14.06,2014-01-15,2014-01-15 07:58:00,3484,"07","L2490"
"218","Brew've Been Served",14.36,2014-01-10,2014-01-10 08:20:00,8411,"08","L6110"
"219","Brew've Been Served",14.45,2014-01-10,2014-01-10 08:09:00,3853,"08","L1485"
"220","Brew've Been Served",14.49,2014-01-07,2014-01-07 08:02:00,9405,"08","L3259"
"221","Brew've Been Served",14.58,2014-01-17,2014-01-17 08:19:00,8411,"08","L6110"
"222","Brew've Been Served",14.67,2014-01-14,2014-01-14 07:27:00,5368,"07","L2247"
"223","Brew've Been Served",14.97,2014-01-06,2014-01-06 08:16:00,1286,"08","L3572"
"224","Brew've Been Served",15.39,2014-01-06,2014-01-06 08:17:00,8202,"08","L2343"
"225","Brew've Been Served",15.46,2014-01-17,2014-01-17 08:22:00,7819,"08","L5259"
"226","Brew've Been Served",15.5,2014-01-15,2014-01-15 07:36:00,6816,"07","L8148"
"227","Brew've Been Served",15.58,2014-01-06,2014-01-06 08:06:00,4434,"08","L2169"
"228","Brew've Been Served",15.58,2014-01-15,2014-01-15 08:02:00,3853,"08","L1485"
"229","Brew've Been Served",15.66,2014-01-07,2014-01-07 08:09:00,8411,"08","L6110"
"230","Brew've Been Served",15.66,2014-01-08,2014-01-08 07:31:00,7354,"07","L9254"
"231","Brew've Been Served",15.85,2014-01-10,2014-01-10 07:35:00,6816,"07","L8148"
"232","Brew've Been Served",16.05,2014-01-13,2014-01-13 08:04:00,4434,"08","L2169"
"233","Brew've Been Served",16.39,2014-01-14,2014-01-14 08:07:00,5407,"08","L4034"
"234","Brew've Been Served",16.53,2014-01-14,2014-01-14 07:45:00,9405,"07","L3259"
"235","Brew've Been Served",16.62,2014-01-17,2014-01-17 08:04:00,9405,"08","L3259"
"236","Brew've Been Served",16.9,2014-01-06,2014-01-06 07:43:00,9683,"07","L7291"
"237","Brew've Been Served",16.9,2014-01-16,2014-01-16 08:19:00,7819,"08","L5259"
"238","Brew've Been Served",17.13,2014-01-08,2014-01-08 08:01:00,7819,"08","L5259"
"239","Brew've Been Served",17.4,2014-01-07,2014-01-07 07:58:00,8202,"07","L2343"
"240","Brew've Been Served",17.44,2014-01-16,2014-01-16 08:09:00,4434,"08","L2169"
"241","Brew've Been Served",17.64,2014-01-09,2014-01-09 08:14:00,1286,"08","L3572"
"242","Brew've Been Served",18.15,2014-01-17,2014-01-17 08:12:00,5407,"08","L4034"
"243","Brew've Been Served",18.24,2014-01-06,2014-01-06 08:06:00,3853,"08","L1485"
"244","Brew've Been Served",18.58,2014-01-15,2014-01-15 08:14:00,6901,"08","L9363"
"245","Brew've Been Served",18.71,2014-01-13,2014-01-13 07:43:00,4795,"07","L8566"
"246","Brew've Been Served",19.17,2014-01-08,2014-01-08 07:48:00,9683,"07","L7291"
"247","Brew've Been Served",19.39,2014-01-17,2014-01-17 07:59:00,4795,"07","L8566"
"248","Brew've Been Served",19.47,2014-01-09,2014-01-09 07:58:00,6901,"07","L9363"
"249","Brew've Been Served",19.64,2014-01-13,2014-01-13 07:53:00,7354,"07","L9254"
"250","Brew've Been Served",19.87,2014-01-15,2014-01-15 07:40:00,9683,"07","L7291"
"251","Brew've Been Served",19.89,2014-01-13,2014-01-13 08:23:00,8202,"08","L2343"
"252","Brew've Been Served",19.9,2014-01-16,2014-01-16 07:36:00,3484,"07","L2490"
"253","Brewed Awakenings",3.62,2014-01-15,2014-01-15 12:00:00,8332,"12","L2070"
"254","Brewed Awakenings",4.35,2014-01-06,2014-01-06 12:00:00,8332,"12","L2070"
"255","Brewed Awakenings",5.72,2014-01-06,2014-01-06 12:00:00,7688,"12","L4164"
"256","Brewed Awakenings",6,2014-01-17,2014-01-17 12:00:00,8332,"12","L2070"
"257","Brewed Awakenings",6.17,2014-01-10,2014-01-10 12:00:00,2540,"12","L5947"
"258","Brewed Awakenings",6.39,2014-01-16,2014-01-16 12:00:00,8332,"12","L2070"
"259","Brewed Awakenings",6.53,2014-01-16,2014-01-16 12:00:00,2540,"12","L5947"
"260","Brewed Awakenings",6.72,2014-01-07,2014-01-07 12:00:00,8332,"12","L2070"
"261","Brewed Awakenings",8.16,2014-01-17,2014-01-17 12:00:00,7688,"12","L4164"
"262","Brewed Awakenings",8.3,2014-01-14,2014-01-14 12:00:00,2540,"12","L5947"
"263","Brewed Awakenings",11.35,2014-01-14,2014-01-14 12:00:00,8332,"12","L2070"
"264","Brewed Awakenings",11.73,2014-01-08,2014-01-08 12:00:00,7688,"12","L4164"
"265","Brewed Awakenings",12.32,2014-01-08,2014-01-08 12:00:00,2540,"12","L5947"
"266","Brewed Awakenings",12.69,2014-01-13,2014-01-13 12:00:00,7688,"12","L4164"
"267","Brewed Awakenings",13.16,2014-01-09,2014-01-09 12:00:00,2540,"12","L5947"
"268","Brewed Awakenings",13.82,2014-01-10,2014-01-10 12:00:00,7688,"12","L4164"
"269","Brewed Awakenings",13.9,2014-01-10,2014-01-10 12:00:00,8332,"12","L2070"
"270","Brewed Awakenings",16.25,2014-01-13,2014-01-13 12:00:00,8332,"12","L2070"
"271","Brewed Awakenings",16.89,2014-01-06,2014-01-06 12:00:00,2540,"12","L5947"
"272","Brewed Awakenings",17.14,2014-01-14,2014-01-14 12:00:00,7688,"12","L4164"
"273","Brewed Awakenings",17.66,2014-01-09,2014-01-09 12:00:00,8332,"12","L2070"
"274","Carlyle Chemical Inc.",227.81,2014-01-10,2014-01-10 09:09:00,9614,"09","L5924"
"275","Carlyle Chemical Inc.",382.43,2014-01-09,2014-01-09 14:26:00,7792,"14","L5756"
"276","Carlyle Chemical Inc.",419.93,2014-01-16,2014-01-16 09:52:00,7792,"09","L5756"
"277","Carlyle Chemical Inc.",529.47,2014-01-09,2014-01-09 09:54:00,7792,"09","L5756"
"278","Carlyle Chemical Inc.",732.82,2014-01-09,2014-01-09 11:21:00,4530,"11","L8477"
"279","Carlyle Chemical Inc.",1112.04,2014-01-15,2014-01-15 14:25:00,7792,"14","L5756"
"280","Carlyle Chemical Inc.",1392.73,2014-01-15,2014-01-15 17:01:00,7792,"17","L5756"
"281","Carlyle Chemical Inc.",1718.96,2014-01-13,2014-01-13 12:00:00,9220,"12","L4063"
"282","Carlyle Chemical Inc.",1814.24,2014-01-16,2014-01-16 17:17:00,7792,"17","L5756"
"283","Carlyle Chemical Inc.",2176.2,2014-01-09,2014-01-09 16:22:00,7792,"16","L5756"
"284","Carlyle Chemical Inc.",3470.99,2014-01-14,2014-01-14 16:16:00,7792,"16","L5756"
"285","Carlyle Chemical Inc.",3608.08,2014-01-15,2014-01-15 09:34:00,7792,"09","L5756"
"286","Carlyle Chemical Inc.",3630.57,2014-01-14,2014-01-14 09:34:00,7792,"09","L5756"
"287","Carlyle Chemical Inc.",3959.66,2014-01-06,2014-01-06 11:57:00,9220,"11","L4063"
"288","Carlyle Chemical Inc.",4901.88,2014-01-08,2014-01-08 14:26:00,7792,"14","L5756"
"289","Carlyle Chemical Inc.",4983.52,2014-01-08,2014-01-08 13:03:00,4530,"13","L8477"
"290","Chostus Hotel",107.51,2014-01-08,2014-01-08 12:56:00,2540,"12","L5947"
"291","Chostus Hotel",109.54,2014-01-14,2014-01-14 13:17:00,2540,"13","L5947"
"292","Chostus Hotel",111.89,2014-01-08,2014-01-08 13:19:00,9683,"13","L7291"
"293","Chostus Hotel",113.08,2014-01-14,2014-01-14 13:21:00,9683,"13","L7291"
"294","Chostus Hotel",114.22,2014-01-17,2014-01-17 13:49:00,9683,"13","L7291"
"295","Chostus Hotel",600,2014-01-18,2014-01-18 12:03:00,5010,"12","L2459"
"296","Coffee Cameleon",4.88,2014-01-13,2014-01-13 08:02:00,7253,"08","L1682"
"297","Coffee Cameleon",5.49,2014-01-15,2014-01-15 07:56:00,7253,"07","L1682"
"298","Coffee Cameleon",6.59,2014-01-08,2014-01-08 07:51:00,7253,"07","L1682"
"299","Coffee Cameleon",6.81,2014-01-17,2014-01-17 07:51:00,7253,"07","L1682"
"300","Coffee Cameleon",7.49,2014-01-17,2014-01-17 08:07:00,2418,"08","L9018"
"301","Coffee Cameleon",7.84,2014-01-14,2014-01-14 07:56:00,2142,"07","L9637"
"302","Coffee Cameleon",8.39,2014-01-06,2014-01-06 07:49:00,5921,"07","L3295"
"303","Coffee Cameleon",8.51,2014-01-10,2014-01-10 07:40:00,7253,"07","L1682"
"304","Coffee Cameleon",9.1,2014-01-07,2014-01-07 07:46:00,5921,"07","L3295"
"305","Coffee Cameleon",9.16,2014-01-17,2014-01-17 07:52:00,6816,"07","L8148"
"306","Coffee Cameleon",9.69,2014-01-10,2014-01-10 07:54:00,2418,"07","L9018"
"307","Coffee Cameleon",9.8,2014-01-14,2014-01-14 07:37:00,3547,"07","L9362"
"308","Coffee Cameleon",10.27,2014-01-17,2014-01-17 07:38:00,3547,"07","L9362"
"309","Coffee Cameleon",11.54,2014-01-10,2014-01-10 07:47:00,5921,"07","L3295"
"310","Coffee Cameleon",11.55,2014-01-07,2014-01-07 08:00:00,2142,"08","L9637"
"311","Coffee Cameleon",11.67,2014-01-14,2014-01-14 07:52:00,2418,"07","L9018"
"312","Coffee Cameleon",11.86,2014-01-06,2014-01-06 07:54:00,2142,"07","L9637"
"313","Coffee Cameleon",12.26,2014-01-08,2014-01-08 07:52:00,5921,"07","L3295"
"314","Coffee Cameleon",14.47,2014-01-15,2014-01-15 07:51:00,3547,"07","L9362"
"315","Coffee Cameleon",15.63,2014-01-14,2014-01-14 07:53:00,7253,"07","L1682"
"316","Coffee Cameleon",15.71,2014-01-08,2014-01-08 07:59:00,2142,"07","L9637"
"317","Coffee Cameleon",16.13,2014-01-09,2014-01-09 08:03:00,2142,"08","L9637"
"318","Coffee Cameleon",16.17,2014-01-08,2014-01-08 08:22:00,2418,"08","L9018"
"319","Coffee Cameleon",17.49,2014-01-13,2014-01-13 07:55:00,2418,"07","L9018"
"320","Coffee Cameleon",17.76,2014-01-13,2014-01-13 08:12:00,2142,"08","L9637"
"321","Coffee Cameleon",19.93,2014-01-13,2014-01-13 07:40:00,3547,"07","L9362"
"322","Coffee Cameleon",19.93,2014-01-15,2014-01-15 07:45:00,2142,"07","L9637"
"323","Coffee Cameleon",19.99,2014-01-09,2014-01-09 07:37:00,5921,"07","L3295"
"324","Coffee Shack",3.63,2014-01-14,2014-01-14 12:00:00,7117,"12","L6417"
"325","Coffee Shack",4.09,2014-01-13,2014-01-13 12:00:00,7117,"12","L6417"
"326","Coffee Shack",5.01,2014-01-09,2014-01-09 12:00:00,7117,"12","L6417"
"327","Coffee Shack",10.48,2014-01-16,2014-01-16 12:00:00,7117,"12","L6417"
"328","Coffee Shack",13.13,2014-01-08,2014-01-08 12:00:00,7117,"12","L6417"
"329","Coffee Shack",16.63,2014-01-07,2014-01-07 12:00:00,7117,"12","L6417"
"330","Coffee Shack",19.16,2014-01-17,2014-01-17 12:00:00,7117,"12","L6417"
"331","Desafio Golf Course",110.02,2014-01-19,2014-01-19 15:15:00,2463,"15","L6886"
"332","Desafio Golf Course",129.33,2014-01-12,2014-01-12 13:45:00,2463,"13","L6886"
"333","Desafio Golf Course",145.72,2014-01-19,2014-01-19 12:57:00,7688,"12","L4164"
"334","Desafio Golf Course",148.22,2014-01-19,2014-01-19 15:46:00,5010,"15","L2459"
"335","Desafio Golf Course",150.07,2014-01-19,2014-01-19 12:41:00,8156,"12","L5224"
"336","Desafio Golf Course",190.91,2014-01-19,2014-01-19 13:51:00,8332,"13","L2070"
"337","Desafio Golf Course",198.46,2014-01-12,2014-01-12 14:14:00,8332,"14","L2070"
"338","Frank's Fuel",52.66,2014-01-18,2014-01-18 18:39:00,9635,"18","L3191"
"339","Frank's Fuel",65.34,2014-01-08,2014-01-08 12:29:00,3853,"12","L1485"
"340","Frydos Autosupply n' More",18.91,2014-01-15,2014-01-15 19:52:00,2540,"19","L5947"
"341","Frydos Autosupply n' More",42.72,2014-01-14,2014-01-14 20:33:00,4434,"20","L2169"
"342","Frydos Autosupply n' More",43.65,2014-01-10,2014-01-10 20:02:00,8202,"20","L2343"
"343","Frydos Autosupply n' More",49.21,2014-01-14,2014-01-14 21:28:00,4948,"21","L9406"
"344","Frydos Autosupply n' More",52.73,2014-01-11,2014-01-11 16:09:00,7688,"16","L4164"
"345","Frydos Autosupply n' More",53.37,2014-01-16,2014-01-16 19:45:00,1874,"19","L4424"
"346","Frydos Autosupply n' More",56.09,2014-01-19,2014-01-19 15:26:00,3484,"15","L2490"
"347","Frydos Autosupply n' More",64.6,2014-01-13,2014-01-13 19:59:00,8411,"19","L6110"
"348","Frydos Autosupply n' More",67.29,2014-01-17,2014-01-17 21:15:00,5368,"21","L2247"
"349","Frydos Autosupply n' More",80.85,2014-01-06,2014-01-06 20:12:00,8202,"20","L2343"
"350","Frydos Autosupply n' More",88.93,2014-01-12,2014-01-12 19:52:00,5368,"19","L2247"
"351","Frydos Autosupply n' More",98.04,2014-01-19,2014-01-19 19:45:00,9405,"19","L3259"
"352","Frydos Autosupply n' More",103.41,2014-01-18,2014-01-18 15:31:00,5368,"15","L2247"
"353","Frydos Autosupply n' More",103.55,2014-01-18,2014-01-18 15:51:00,1877,"15","L3014"
"354","Frydos Autosupply n' More",120.67,2014-01-18,2014-01-18 15:53:00,2463,"15","L6886"
"355","Frydos Autosupply n' More",124.52,2014-01-17,2014-01-17 19:57:00,4948,"19","L9406"
"356","Frydos Autosupply n' More",130.01,2014-01-16,2014-01-16 20:54:00,4948,"20","L9406"
"357","Frydos Autosupply n' More",138.02,2014-01-09,2014-01-09 19:32:00,3484,"19","L2490"
"358","Frydos Autosupply n' More",146.74,2014-01-14,2014-01-14 20:43:00,6901,"20","L9363"
"359","Frydos Autosupply n' More",161.96,2014-01-12,2014-01-12 20:43:00,8202,"20","L2343"
"360","Frydos Autosupply n' More",175.87,2014-01-06,2014-01-06 20:15:00,5368,"20","L2247"
"361","Frydos Autosupply n' More",182.56,2014-01-08,2014-01-08 20:17:00,3853,"20","L1485"
"362","Frydos Autosupply n' More",188.57,2014-01-13,2014-01-13 19:41:00,8129,"19","L8328"
"363","Frydos Autosupply n' More",197.32,2014-01-06,2014-01-06 21:23:00,2142,"21","L9637"
"364","Frydos Autosupply n' More",202.05,2014-01-13,2014-01-13 21:11:00,2418,"21","L9018"
"365","Frydos Autosupply n' More",209.76,2014-01-19,2014-01-19 15:53:00,4795,"15","L8566"
"366","Frydos Autosupply n' More",214.07,2014-01-08,2014-01-08 20:07:00,2418,"20","L9018"
"367","Frydos Autosupply n' More",234.53,2014-01-18,2014-01-18 18:51:00,5407,"18","L4034"
"368","Frydos Autosupply n' More",235.27,2014-01-15,2014-01-15 20:04:00,9683,"20","L7291"
"369","Frydos Autosupply n' More",236.25,2014-01-11,2014-01-11 20:22:00,8129,"20","L8328"
"370","Frydos Autosupply n' More",261,2014-01-11,2014-01-11 20:26:00,6901,"20","L9363"
"371","Frydos Autosupply n' More",268.89,2014-01-08,2014-01-08 20:28:00,6691,"20","L6267"
"372","Frydos Autosupply n' More",276.75,2014-01-09,2014-01-09 20:45:00,3853,"20","L1485"
"373","Frydos Autosupply n' More",276.88,2014-01-15,2014-01-15 20:57:00,4948,"20","L9406"
"374","Gelatogalore",8.6,2014-01-09,2014-01-09 13:23:00,6899,"13","L6267"
"375","Gelatogalore",8.98,2014-01-07,2014-01-07 13:35:00,2463,"13","L6886"
"376","Gelatogalore",9.61,2014-01-15,2014-01-15 13:39:00,2463,"13","L6886"
"377","Gelatogalore",10.62,2014-01-16,2014-01-16 17:07:00,4434,"17","L2169"
"378","Gelatogalore",11.94,2014-01-09,2014-01-09 13:40:00,9405,"13","L3259"
"379","Gelatogalore",12.33,2014-01-16,2014-01-16 13:33:00,2463,"13","L6886"
"380","Gelatogalore",12.74,2014-01-06,2014-01-06 13:19:00,7253,"13","L1682"
"381","Gelatogalore",15.4,2014-01-07,2014-01-07 13:57:00,6691,"13","L6267"
"382","Gelatogalore",15.84,2014-01-17,2014-01-17 13:17:00,8156,"13","L5224"
"383","Gelatogalore",17.21,2014-01-07,2014-01-07 13:39:00,9405,"13","L3259"
"384","Gelatogalore",17.31,2014-01-11,2014-01-11 13:35:00,9617,"13","L5553"
"385","Gelatogalore",18.1,2014-01-17,2014-01-17 13:47:00,2681,"13","L1107"
"386","Gelatogalore",19.2,2014-01-09,2014-01-09 13:12:00,5407,"13","L4034"
"387","Gelatogalore",20.72,2014-01-08,2014-01-08 13:28:00,9405,"13","L3259"
"388","Gelatogalore",21.52,2014-01-07,2014-01-07 13:37:00,9551,"13","L5777"
"389","Gelatogalore",21.62,2014-01-17,2014-01-17 13:57:00,3492,"13","L7814"
"390","Gelatogalore",22.19,2014-01-16,2014-01-16 13:37:00,9405,"13","L3259"
"391","Gelatogalore",22.27,2014-01-08,2014-01-08 13:47:00,2418,"13","L9018"
"392","Gelatogalore",22.36,2014-01-19,2014-01-19 13:09:00,6895,"13","L3366"
"393","Gelatogalore",22.64,2014-01-06,2014-01-06 13:41:00,7889,"13","L6119"
"394","Gelatogalore",23.23,2014-01-09,2014-01-09 13:35:00,8411,"13","L6110"
"395","Gelatogalore",23.23,2014-01-17,2014-01-17 13:33:00,9635,"13","L3191"
"396","Gelatogalore",23.41,2014-01-06,2014-01-06 14:00:00,7819,"14","L5259"
"397","Gelatogalore",23.45,2014-01-09,2014-01-09 13:21:00,4795,"13","L8566"
"398","Gelatogalore",24.68,2014-01-09,2014-01-09 13:45:00,2681,"13","L1107"
"399","Gelatogalore",24.96,2014-01-15,2014-01-15 13:46:00,7117,"13","L6417"
"400","Gelatogalore",26.15,2014-01-10,2014-01-10 13:35:00,1415,"13","L7783"
"401","Gelatogalore",27.26,2014-01-14,2014-01-14 13:32:00,7384,"13","L3800"
"402","Gelatogalore",31.21,2014-01-15,2014-01-15 13:55:00,3853,"13","L1485"
"403","Gelatogalore",32.19,2014-01-10,2014-01-10 14:11:00,8202,"14","L2343"
"404","Gelatogalore",32.4,2014-01-16,2014-01-16 13:48:00,1874,"13","L4424"
"405","Gelatogalore",32.79,2014-01-08,2014-01-08 13:27:00,8411,"13","L6110"
"406","Gelatogalore",32.83,2014-01-13,2014-01-13 13:03:00,8156,"13","L5224"
"407","Gelatogalore",34.04,2014-01-07,2014-01-07 13:33:00,7253,"13","L1682"
"408","Gelatogalore",34.59,2014-01-17,2014-01-17 13:51:00,7819,"13","L5259"
"409","Gelatogalore",35.06,2014-01-07,2014-01-07 13:20:00,8332,"13","L2070"
"410","Gelatogalore",35.29,2014-01-08,2014-01-08 13:42:00,7889,"13","L6119"
"411","Gelatogalore",35.97,2014-01-14,2014-01-14 13:57:00,5368,"13","L2247"
"412","Gelatogalore",36.2,2014-01-12,2014-01-12 19:50:00,1286,"19","L3288"
"413","Gelatogalore",36.24,2014-01-13,2014-01-13 14:00:00,8202,"14","L2343"
"414","Gelatogalore",36.33,2014-01-06,2014-01-06 13:52:00,3492,"13","L7814"
"415","Gelatogalore",36.5,2014-01-07,2014-01-07 13:49:00,2681,"13","L1107"
"416","Gelatogalore",36.75,2014-01-09,2014-01-09 14:18:00,7117,"14","L6417"
"417","Gelatogalore",36.93,2014-01-13,2014-01-13 13:41:00,1415,"13","L7783"
"418","Gelatogalore",39.17,2014-01-14,2014-01-14 13:33:00,2463,"13","L6886"
"419","Gelatogalore",39.4,2014-01-15,2014-01-15 13:58:00,7819,"13","L5259"
"420","Gelatogalore",39.94,2014-01-08,2014-01-08 14:17:00,4948,"14","L9406"
"421","Gelatogalore",50.36,2014-01-08,2014-01-08 13:38:00,1286,"13","L3288"
"422","General Grocer",70.22,2014-01-19,2014-01-19 15:03:00,6895,"15","L3366"
"423","General Grocer",78.02,2014-01-11,2014-01-11 15:31:00,8129,"15","L8328"
"424","General Grocer",108.49,2014-01-18,2014-01-18 20:07:00,6901,"20","L9363"
"425","General Grocer",159.3,2014-01-12,2014-01-12 15:46:00,7117,"15","L6417"
"426","General Grocer",227.28,2014-01-10,2014-01-10 21:28:00,4434,"21","L2169"
"427","General Grocer",265.84,2014-01-08,2014-01-08 21:00:00,7108,"21","L6544"
"428","General Grocer",285.34,2014-01-09,2014-01-09 20:19:00,4795,"20","L8566"
"429","General Grocer",477.6,2014-01-18,2014-01-18 15:31:00,3547,"15","L9362"
"430","Guy's Gyros",8.23,2014-01-09,2014-01-09 20:23:00,7889,"20","L6119"
"431","Guy's Gyros",8.23,2014-01-09,2014-01-09 20:23:00,7889,"20","L2247"
"432","Guy's Gyros",8.23,2014-01-09,2014-01-09 20:38:00,5368,"20","L6119"
"433","Guy's Gyros",8.23,2014-01-09,2014-01-09 20:38:00,5368,"20","L2247"
"434","Guy's Gyros",8.31,2014-01-16,2014-01-16 19:09:00,3484,"19","L2490"
"435","Guy's Gyros",8.31,2014-01-17,2014-01-17 20:21:00,7819,"20","L5259"
"436","Guy's Gyros",8.54,2014-01-17,2014-01-17 20:24:00,3853,"20","L1485"
"437","Guy's Gyros",8.64,2014-01-17,2014-01-17 13:18:00,7688,"13","L4164"
"438","Guy's Gyros",10.11,2014-01-07,2014-01-07 13:46:00,9635,"13","L3191"
"439","Guy's Gyros",10.27,2014-01-16,2014-01-16 13:28:00,9551,"13","L5777"
"440","Guy's Gyros",10.34,2014-01-08,2014-01-08 13:57:00,4434,"13","L2169"
"441","Guy's Gyros",11.22,2014-01-06,2014-01-06 13:39:00,1310,"13","L8012"
"442","Guy's Gyros",11.31,2014-01-07,2014-01-07 13:33:00,6816,"13","L8148"
"443","Guy's Gyros",11.31,2014-01-16,2014-01-16 20:35:00,7108,"20","L6544"
"444","Guy's Gyros",11.94,2014-01-06,2014-01-06 20:09:00,6901,"20","L9363"
"445","Guy's Gyros",12.19,2014-01-15,2014-01-15 13:45:00,6691,"13","L6267"
"446","Guy's Gyros",12.57,2014-01-07,2014-01-07 14:09:00,9617,"14","L5553"
"447","Guy's Gyros",12.76,2014-01-13,2014-01-13 14:13:00,6901,"14","L9363"
"448","Guy's Gyros",12.96,2014-01-14,2014-01-14 20:19:00,7384,"20","L3800"
"449","Guy's Gyros",13.48,2014-01-16,2014-01-16 13:44:00,6816,"13","L8148"
"450","Guy's Gyros",13.59,2014-01-09,2014-01-09 13:28:00,7889,"13","L6119"
"451","Guy's Gyros",14.37,2014-01-15,2014-01-15 13:22:00,1415,"13","L7783"
"452","Guy's Gyros",14.87,2014-01-07,2014-01-07 19:45:00,7819,"19","L5259"
"453","Guy's Gyros",15,2014-01-09,2014-01-09 13:44:00,9617,"13","L5553"
"454","Guy's Gyros",15.12,2014-01-17,2014-01-17 14:00:00,8202,"14","L2343"
"455","Guy's Gyros",15.44,2014-01-06,2014-01-06 13:24:00,1415,"13","L7783"
"456","Guy's Gyros",15.69,2014-01-08,2014-01-08 19:36:00,7354,"19","L9254"
"457","Guy's Gyros",15.84,2014-01-13,2014-01-13 20:18:00,7819,"20","L5259"
"458","Guy's Gyros",15.86,2014-01-08,2014-01-08 13:51:00,1874,"13","L4424"
"459","Guy's Gyros",15.89,2014-01-15,2014-01-15 13:44:00,2142,"13","L9637"
"460","Guy's Gyros",15.93,2014-01-10,2014-01-10 13:27:00,7253,"13","L1682"
"461","Guy's Gyros",16.33,2014-01-11,2014-01-11 20:09:00,7354,"20","L9254"
"462","Guy's Gyros",16.34,2014-01-10,2014-01-10 13:57:00,8129,"13","L8328"
"463","Guy's Gyros",16.35,2014-01-14,2014-01-14 13:44:00,1874,"13","L4424"
"464","Guy's Gyros",16.58,2014-01-15,2014-01-15 13:46:00,8202,"13","L2343"
"465","Guy's Gyros",16.83,2014-01-17,2014-01-17 19:46:00,6901,"19","L9363"
"466","Guy's Gyros",16.92,2014-01-06,2014-01-06 13:30:00,7384,"13","L3800"
"467","Guy's Gyros",17.44,2014-01-09,2014-01-09 14:13:00,5921,"14","L3295"
"468","Guy's Gyros",18.08,2014-01-19,2014-01-19 20:00:00,7354,"20","L9254"
"469","Guy's Gyros",18.24,2014-01-08,2014-01-08 20:17:00,9683,"20","L7291"
"470","Guy's Gyros",18.26,2014-01-09,2014-01-09 20:24:00,1286,"20","L3572"
"471","Guy's Gyros",19.68,2014-01-17,2014-01-17 19:29:00,6816,"19","L8148"
"472","Guy's Gyros",19.77,2014-01-13,2014-01-13 21:08:00,5368,"21","L2247"
"473","Guy's Gyros",20.47,2014-01-13,2014-01-13 20:11:00,4795,"20","L8566"
"474","Guy's Gyros",20.94,2014-01-19,2014-01-19 20:25:00,3853,"20","L1485"
"475","Guy's Gyros",21.03,2014-01-13,2014-01-13 13:51:00,8411,"13","L6110"
"476","Guy's Gyros",21.1,2014-01-17,2014-01-17 14:05:00,7117,"14","L6417"
"477","Guy's Gyros",22.18,2014-01-17,2014-01-17 13:21:00,3484,"13","L2490"
"478","Guy's Gyros",22.34,2014-01-13,2014-01-13 20:09:00,7354,"20","L9254"
"479","Guy's Gyros",22.57,2014-01-06,2014-01-06 20:13:00,3484,"20","L2490"
"480","Guy's Gyros",23.12,2014-01-07,2014-01-07 20:34:00,5368,"20","L2247"
"481","Guy's Gyros",23.21,2014-01-19,2014-01-19 19:45:00,1286,"19","L3288"
"482","Guy's Gyros",23.59,2014-01-14,2014-01-14 20:01:00,4795,"20","L8566"
"483","Guy's Gyros",23.61,2014-01-10,2014-01-10 19:45:00,6816,"19","L8148"
"484","Guy's Gyros",25.28,2014-01-14,2014-01-14 20:29:00,7819,"20","L5259"
"485","Guy's Gyros",25.57,2014-01-16,2014-01-16 19:04:00,7384,"19","L3800"
"486","Guy's Gyros",25.58,2014-01-15,2014-01-15 14:00:00,9617,"14","L5553"
"487","Guy's Gyros",25.79,2014-01-19,2014-01-19 19:45:00,5010,"19","L2459"
"488","Guy's Gyros",25.81,2014-01-10,2014-01-10 21:13:00,5368,"21","L2247"
"489","Guy's Gyros",26.14,2014-01-14,2014-01-14 21:31:00,7354,"21","L9254"
"490","Guy's Gyros",26.68,2014-01-10,2014-01-10 13:38:00,7384,"13","L3800"
"491","Guy's Gyros",26.76,2014-01-10,2014-01-10 13:25:00,6816,"13","L8148"
"492","Guy's Gyros",27.01,2014-01-15,2014-01-15 21:05:00,1286,"21","L3572"
"493","Guy's Gyros",27.4,2014-01-18,2014-01-18 13:28:00,1874,"13","L4424"
"494","Guy's Gyros",27.49,2014-01-13,2014-01-13 13:33:00,2540,"13","L5947"
"495","Guy's Gyros",27.69,2014-01-09,2014-01-09 14:09:00,8202,"14","L2343"
"496","Guy's Gyros",27.78,2014-01-10,2014-01-10 19:54:00,4795,"19","L8566"
"497","Guy's Gyros",28.07,2014-01-18,2014-01-18 19:21:00,5368,"19","L2247"
"498","Guy's Gyros",28.27,2014-01-16,2014-01-16 20:09:00,6901,"20","L9363"
"499","Guy's Gyros",28.75,2014-01-15,2014-01-15 20:02:00,7354,"20","L9254"
"500","Guy's Gyros",28.81,2014-01-08,2014-01-08 20:07:00,7384,"20","L3800"
"501","Guy's Gyros",28.94,2014-01-06,2014-01-06 20:24:00,7819,"20","L5259"
"502","Guy's Gyros",29.25,2014-01-13,2014-01-13 13:40:00,2463,"13","L6886"
"503","Guy's Gyros",29.57,2014-01-07,2014-01-07 13:13:00,8156,"13","L5224"
"504","Guy's Gyros",29.7,2014-01-16,2014-01-16 13:42:00,7819,"13","L5259"
"505","Guy's Gyros",29.71,2014-01-17,2014-01-17 20:59:00,9683,"20","L7291"
"506","Guy's Gyros",29.81,2014-01-10,2014-01-10 20:09:00,6901,"20","L9363"
"507","Guy's Gyros",29.96,2014-01-09,2014-01-09 19:52:00,6816,"19","L8148"
"508","Guy's Gyros",30.12,2014-01-08,2014-01-08 13:32:00,7384,"13","L3800"
"509","Guy's Gyros",30.47,2014-01-12,2014-01-12 14:16:00,8129,"14","L8328"
"510","Guy's Gyros",30.48,2014-01-08,2014-01-08 19:48:00,4434,"19","L2169"
"511","Guy's Gyros",30.76,2014-01-16,2014-01-16 20:17:00,6816,"20","L8148"
"512","Guy's Gyros",30.82,2014-01-06,2014-01-06 13:46:00,9635,"13","L3191"
"513","Guy's Gyros",31.04,2014-01-15,2014-01-15 19:55:00,4434,"19","L2169"
"514","Guy's Gyros",31.05,2014-01-10,2014-01-10 13:52:00,1321,"13","L4149"
"515","Guy's Gyros",31.23,2014-01-07,2014-01-07 19:48:00,3484,"19","L2490"
"516","Guy's Gyros",31.31,2014-01-09,2014-01-09 21:09:00,4434,"21","L2169"
"517","Guy's Gyros",31.48,2014-01-16,2014-01-16 13:23:00,7889,"13","L6119"
"518","Guy's Gyros",31.5,2014-01-10,2014-01-10 13:47:00,9635,"13","L3191"
"519","Guy's Gyros",31.81,2014-01-09,2014-01-09 19:41:00,7354,"19","L9254"
"520","Guy's Gyros",31.94,2014-01-19,2014-01-19 20:30:00,4434,"20","L2169"
"521","Guy's Gyros",32.8,2014-01-16,2014-01-16 14:05:00,1877,"14","L3014"
"522","Guy's Gyros",33.65,2014-01-11,2014-01-11 20:06:00,7384,"20","L3800"
"523","Guy's Gyros",34.41,2014-01-12,2014-01-12 19:32:00,3853,"19","L1485"
"524","Guy's Gyros",34.74,2014-01-12,2014-01-12 13:31:00,6901,"13","L9363"
"525","Guy's Gyros",35.05,2014-01-09,2014-01-09 20:39:00,7384,"20","L3800"
"526","Guy's Gyros",35.1,2014-01-17,2014-01-17 19:53:00,4795,"19","L8566"
"527","Guy's Gyros",35.12,2014-01-14,2014-01-14 20:17:00,5368,"20","L2247"
"528","Guy's Gyros",36.2,2014-01-11,2014-01-11 19:57:00,5368,"19","L2247"
"529","Guy's Gyros",36.35,2014-01-15,2014-01-15 20:08:00,6816,"20","L8148"
"530","Guy's Gyros",36.44,2014-01-10,2014-01-10 13:12:00,8156,"13","L5224"
"531","Guy's Gyros",36.87,2014-01-19,2014-01-19 20:14:00,7108,"20","L6544"
"532","Guy's Gyros",36.89,2014-01-13,2014-01-13 20:15:00,7384,"20","L3800"
"533","Guy's Gyros",37.37,2014-01-13,2014-01-13 13:39:00,2142,"13","L9637"
"534","Guy's Gyros",37.48,2014-01-19,2014-01-19 20:16:00,9683,"20","L7291"
"535","Guy's Gyros",37.5,2014-01-13,2014-01-13 20:59:00,7108,"20","L6544"
"536","Guy's Gyros",37.55,2014-01-17,2014-01-17 20:16:00,3484,"20","L2490"
"537","Guy's Gyros",37.8,2014-01-16,2014-01-16 19:40:00,4795,"19","L8566"
"538","Guy's Gyros",38.07,2014-01-13,2014-01-13 14:00:00,7117,"14","L6417"
"539","Guy's Gyros",38.15,2014-01-10,2014-01-10 13:44:00,8411,"13","L6110"
"540","Guy's Gyros",38.26,2014-01-14,2014-01-14 13:49:00,9617,"13","L5553"
"541","Guy's Gyros",38.56,2014-01-07,2014-01-07 13:20:00,7354,"13","L9254"
"542","Guy's Gyros",39.14,2014-01-17,2014-01-17 13:38:00,3853,"13","L1485"
"543","Guy's Gyros",39.29,2014-01-06,2014-01-06 19:18:00,7384,"19","L3800"
"544","Guy's Gyros",39.6,2014-01-19,2014-01-19 20:51:00,6901,"20","L9363"
"545","Guy's Gyros",39.68,2014-01-18,2014-01-18 19:08:00,3484,"19","L2490"
"546","Guy's Gyros",42.32,2014-01-12,2014-01-12 19:26:00,7108,"19","L6544"
"547","Guy's Gyros",47.89,2014-01-18,2014-01-18 14:05:00,9617,"14","L5553"
"548","Guy's Gyros",50.4,2014-01-14,2014-01-14 13:59:00,1286,"13","L3288"
"549","Guy's Gyros",58.35,2014-01-19,2014-01-19 19:45:00,3484,"19","L2490"
"550","Guy's Gyros",65.21,2014-01-19,2014-01-19 19:45:00,7384,"19","L3800"
"551","Hallowed Grounds",3.11,2014-01-08,2014-01-08 07:47:00,3492,"07","L7814"
"552","Hallowed Grounds",3.25,2014-01-17,2014-01-17 07:31:00,1310,"07","L8012"
"553","Hallowed Grounds",3.4,2014-01-08,2014-01-08 07:43:00,9617,"07","L5553"
"554","Hallowed Grounds",3.9,2014-01-08,2014-01-08 07:50:00,2681,"07","L1107"
"555","Hallowed Grounds",4.59,2014-01-14,2014-01-14 07:42:00,1310,"07","L8012"
"556","Hallowed Grounds",4.6,2014-01-16,2014-01-16 08:09:00,2681,"08","L1107"
"557","Hallowed Grounds",5.28,2014-01-15,2014-01-15 07:36:00,9617,"07","L5553"
"558","Hallowed Grounds",5.52,2014-01-17,2014-01-17 07:59:00,6691,"07","L6267"
"559","Hallowed Grounds",5.85,2014-01-08,2014-01-08 07:40:00,8129,"07","L8328"
"560","Hallowed Grounds",5.85,2014-01-13,2014-01-13 07:44:00,9405,"07","L3259"
"561","Hallowed Grounds",6.16,2014-01-14,2014-01-14 08:16:00,6691,"08","L6267"
"562","Hallowed Grounds",6.32,2014-01-13,2014-01-13 07:57:00,6691,"07","L6267"
"563","Hallowed Grounds",7.22,2014-01-16,2014-01-16 07:54:00,1874,"07","L4424"
"564","Hallowed Grounds",7.88,2014-01-07,2014-01-07 07:47:00,1310,"07","L8012"
"565","Hallowed Grounds",8.05,2014-01-06,2014-01-06 07:55:00,9551,"07","L5777"
"566","Hallowed Grounds",8.15,2014-01-08,2014-01-08 07:39:00,1874,"07","L4424"
"567","Hallowed Grounds",8.34,2014-01-10,2014-01-10 07:41:00,9617,"07","L5553"
"568","Hallowed Grounds",8.91,2014-01-07,2014-01-07 07:37:00,8129,"07","L8328"
"569","Hallowed Grounds",9.16,2014-01-13,2014-01-13 07:32:00,7889,"07","L6119"
"570","Hallowed Grounds",9.34,2014-01-10,2014-01-10 08:06:00,6691,"08","L6267"
"571","Hallowed Grounds",9.4,2014-01-17,2014-01-17 08:04:00,9551,"08","L5777"
"572","Hallowed Grounds",9.61,2014-01-07,2014-01-07 07:50:00,3492,"07","L7814"
"573","Hallowed Grounds",9.72,2014-01-17,2014-01-17 07:56:00,5010,"07","L2459"
"574","Hallowed Grounds",9.92,2014-01-07,2014-01-07 08:01:00,9617,"08","L5553"
"575","Hallowed Grounds",10.07,2014-01-06,2014-01-06 08:01:00,1874,"08","L4424"
"576","Hallowed Grounds",10.33,2014-01-07,2014-01-07 07:57:00,6691,"07","L6267"
"577","Hallowed Grounds",10.34,2014-01-10,2014-01-10 07:49:00,7889,"07","L6119"
"578","Hallowed Grounds",10.65,2014-01-14,2014-01-14 08:12:00,2681,"08","L1107"
"579","Hallowed Grounds",10.66,2014-01-06,2014-01-06 07:48:00,3492,"07","L7814"
"580","Hallowed Grounds",10.75,2014-01-14,2014-01-14 07:35:00,7889,"07","L6119"
"581","Hallowed Grounds",10.76,2014-01-10,2014-01-10 07:50:00,7108,"07","L6544"
"582","Hallowed Grounds",11.49,2014-01-10,2014-01-10 07:41:00,1310,"07","L8012"
"583","Hallowed Grounds",11.63,2014-01-08,2014-01-08 07:57:00,6691,"07","L6267"
"584","Hallowed Grounds",12.03,2014-01-10,2014-01-10 07:41:00,1874,"07","L4424"
"585","Hallowed Grounds",12.17,2014-01-15,2014-01-15 07:44:00,7108,"07","L6544"
"586","Hallowed Grounds",12.19,2014-01-16,2014-01-16 08:05:00,9551,"08","L5777"
"587","Hallowed Grounds",13,2014-01-14,2014-01-14 07:45:00,7108,"07","L6544"
"588","Hallowed Grounds",13.68,2014-01-13,2014-01-13 07:43:00,3492,"07","L7814"
"589","Hallowed Grounds",13.84,2014-01-16,2014-01-16 07:44:00,7889,"07","L6119"
"590","Hallowed Grounds",14.05,2014-01-07,2014-01-07 07:35:00,7889,"07","L6119"
"591","Hallowed Grounds",14.33,2014-01-15,2014-01-15 07:59:00,3492,"07","L7814"
"592","Hallowed Grounds",14.39,2014-01-15,2014-01-15 08:13:00,2681,"08","L1107"
"593","Hallowed Grounds",14.58,2014-01-17,2014-01-17 07:33:00,7889,"07","L6119"
"594","Hallowed Grounds",15.33,2014-01-09,2014-01-09 08:15:00,2681,"08","L1107"
"595","Hallowed Grounds",15.98,2014-01-17,2014-01-17 07:39:00,9617,"07","L5553"
"596","Hallowed Grounds",16.53,2014-01-06,2014-01-06 07:47:00,8129,"07","L8328"
"597","Hallowed Grounds",16.67,2014-01-14,2014-01-14 07:44:00,8129,"07","L8328"
"598","Hallowed Grounds",16.72,2014-01-06,2014-01-06 07:36:00,9617,"07","L5553"
"599","Hallowed Grounds",16.75,2014-01-10,2014-01-10 07:34:00,8129,"07","L8328"
"600","Hallowed Grounds",17.56,2014-01-09,2014-01-09 07:37:00,1310,"07","L8012"
"601","Hallowed Grounds",17.63,2014-01-10,2014-01-10 07:46:00,2681,"07","L1107"
"602","Hallowed Grounds",17.74,2014-01-16,2014-01-16 07:44:00,3492,"07","L7814"
"603","Hallowed Grounds",17.92,2014-01-16,2014-01-16 07:45:00,8129,"07","L8328"
"604","Hallowed Grounds",18.2,2014-01-16,2014-01-16 07:44:00,7108,"07","L6544"
"605","Hallowed Grounds",18.23,2014-01-16,2014-01-16 08:07:00,6691,"08","L6267"
"606","Hallowed Grounds",18.48,2014-01-09,2014-01-09 07:57:00,9617,"07","L5553"
"607","Hallowed Grounds",18.6,2014-01-17,2014-01-17 07:52:00,1874,"07","L4424"
"608","Hallowed Grounds",18.97,2014-01-07,2014-01-07 07:48:00,7108,"07","L6544"
"609","Hallowed Grounds",19.18,2014-01-13,2014-01-13 07:54:00,7108,"07","L6544"
"610","Hallowed Grounds",19.99,2014-01-14,2014-01-14 07:54:00,1874,"07","L4424"
"611","Hippokampos",8.43,2014-01-09,2014-01-09 13:41:00,9635,"13","L3191"
"612","Hippokampos",8.54,2014-01-12,2014-01-12 13:54:00,7889,"13","L6119"
"613","Hippokampos",8.64,2014-01-06,2014-01-06 13:57:00,1877,"13","L3014"
"614","Hippokampos",8.92,2014-01-17,2014-01-17 20:03:00,2540,"20","L5947"
"615","Hippokampos",9.03,2014-01-08,2014-01-08 13:15:00,4795,"13","L8566"
"616","Hippokampos",9.12,2014-01-09,2014-01-09 13:37:00,1321,"13","L4149"
"617","Hippokampos",9.13,2014-01-09,2014-01-09 20:41:00,2463,"20","L6886"
"618","Hippokampos",9.55,2014-01-14,2014-01-14 20:22:00,2463,"20","L6886"
"619","Hippokampos",10.12,2014-01-09,2014-01-09 21:38:00,9635,"21","L3191"
"620","Hippokampos",10.35,2014-01-15,2014-01-15 20:23:00,1321,"20","L4149"
"621","Hippokampos",10.38,2014-01-16,2014-01-16 13:30:00,2540,"13","L5947"
"622","Hippokampos",10.52,2014-01-08,2014-01-08 19:21:00,1415,"19","L7783"
"623","Hippokampos",11.56,2014-01-07,2014-01-07 20:02:00,1415,"20","L7783"
"624","Hippokampos",11.93,2014-01-17,2014-01-17 20:54:00,7688,"20","L4164"
"625","Hippokampos",12.55,2014-01-12,2014-01-12 13:25:00,2142,"13","L9637"
"626","Hippokampos",12.57,2014-01-12,2014-01-12 14:04:00,1874,"14","L4424"
"627","Hippokampos",12.86,2014-01-17,2014-01-17 21:58:00,9635,"21","L3191"
"628","Hippokampos",13,2014-01-15,2014-01-15 13:24:00,6899,"13","L6267"
"629","Hippokampos",13.05,2014-01-16,2014-01-16 13:35:00,6691,"13","L6267"
"630","Hippokampos",13.26,2014-01-06,2014-01-06 13:23:00,4795,"13","L8566"
"631","Hippokampos",13.84,2014-01-09,2014-01-09 13:51:00,1310,"13","L8012"
"632","Hippokampos",14.57,2014-01-17,2014-01-17 13:27:00,4795,"13","L8566"
"633","Hippokampos",14.89,2014-01-16,2014-01-16 13:43:00,1321,"13","L4149"
"634","Hippokampos",15.02,2014-01-09,2014-01-09 20:05:00,2540,"20","L5947"
"635","Hippokampos",15.64,2014-01-08,2014-01-08 20:49:00,8332,"20","L2070"
"636","Hippokampos",15.77,2014-01-17,2014-01-17 13:31:00,6816,"13","L8148"
"637","Hippokampos",16.37,2014-01-15,2014-01-15 20:24:00,1877,"20","L3014"
"638","Hippokampos",16.53,2014-01-16,2014-01-16 13:30:00,7253,"13","L1682"
"639","Hippokampos",16.54,2014-01-08,2014-01-08 19:28:00,2540,"19","L5947"
"640","Hippokampos",16.59,2014-01-08,2014-01-08 13:26:00,7253,"13","L1682"
"641","Hippokampos",16.73,2014-01-14,2014-01-14 14:16:00,8202,"14","L2343"
"642","Hippokampos",17.17,2014-01-13,2014-01-13 12:27:00,4434,"12","L2169"
"643","Hippokampos",17.18,2014-01-14,2014-01-14 13:57:00,6901,"13","L9363"
"644","Hippokampos",17.21,2014-01-10,2014-01-10 20:50:00,8332,"20","L2070"
"645","Hippokampos",17.27,2014-01-06,2014-01-06 20:52:00,7688,"20","L4164"
"646","Hippokampos",17.66,2014-01-16,2014-01-16 13:19:00,8332,"13","L2070"
"647","Hippokampos",18.18,2014-01-16,2014-01-16 13:44:00,7354,"13","L9254"
"648","Hippokampos",19.07,2014-01-14,2014-01-14 13:37:00,3853,"13","L1485"
"649","Hippokampos",19.76,2014-01-17,2014-01-17 19:40:00,7117,"19","L6417"
"650","Hippokampos",19.88,2014-01-10,2014-01-10 19:56:00,7117,"19","L6417"
"651","Hippokampos",20.17,2014-01-07,2014-01-07 20:01:00,1877,"20","L3014"
"652","Hippokampos",20.61,2014-01-06,2014-01-06 21:52:00,8332,"21","L2070"
"653","Hippokampos",20.84,2014-01-16,2014-01-16 21:13:00,7688,"21","L4164"
"654","Hippokampos",21.2,2014-01-07,2014-01-07 21:03:00,2540,"21","L5947"
"655","Hippokampos",21.33,2014-01-06,2014-01-06 20:46:00,1415,"20","L7783"
"656","Hippokampos",22.13,2014-01-14,2014-01-14 21:31:00,2540,"21","L5947"
"657","Hippokampos",22.18,2014-01-07,2014-01-07 21:51:00,8332,"21","L2070"
"658","Hippokampos",23.66,2014-01-09,2014-01-09 21:12:00,8156,"21","L5224"
"659","Hippokampos",24.41,2014-01-06,2014-01-06 20:46:00,7117,"20","L6417"
"660","Hippokampos",24.96,2014-01-09,2014-01-09 21:01:00,6895,"21","L3366"
"661","Hippokampos",25.09,2014-01-13,2014-01-13 14:04:00,9617,"14","L5553"
"662","Hippokampos",26.31,2014-01-08,2014-01-08 20:53:00,7688,"20","L4164"
"663","Hippokampos",26.55,2014-01-08,2014-01-08 13:12:00,8332,"13","L2070"
"664","Hippokampos",26.79,2014-01-12,2014-01-12 19:44:00,8332,"19","L2070"
"665","Hippokampos",26.8,2014-01-06,2014-01-06 20:36:00,1877,"20","L3014"
"666","Hippokampos",26.96,2014-01-13,2014-01-13 14:21:00,4948,"14","L9406"
"667","Hippokampos",27.15,2014-01-12,2014-01-12 19:22:00,1321,"19","L4149"
"668","Hippokampos",27.21,2014-01-18,2014-01-18 19:35:00,6895,"19","L3366"
"669","Hippokampos",27.47,2014-01-09,2014-01-09 13:29:00,2418,"13","L9018"
"670","Hippokampos",27.93,2014-01-09,2014-01-09 13:36:00,9683,"13","L7291"
"671","Hippokampos",28.79,2014-01-08,2014-01-08 13:48:00,9635,"13","L3191"
"672","Hippokampos",29.13,2014-01-16,2014-01-16 20:13:00,1321,"20","L4149"
"673","Hippokampos",29.2,2014-01-12,2014-01-12 13:35:00,7117,"13","L6417"
"674","Hippokampos",29.22,2014-01-13,2014-01-13 20:35:00,2463,"20","L6886"
"675","Hippokampos",29.93,2014-01-16,2014-01-16 13:48:00,9617,"13","L5553"
"676","Hippokampos",30.51,2014-01-13,2014-01-13 13:28:00,9551,"13","L5777"
"677","Hippokampos",30.88,2014-01-06,2014-01-06 14:04:00,4948,"14","L9406"
"678","Hippokampos",31.14,2014-01-16,2014-01-16 13:36:00,1415,"13","L7783"
"679","Hippokampos",31.47,2014-01-13,2014-01-13 21:12:00,8332,"21","L2070"
"680","Hippokampos",31.59,2014-01-13,2014-01-13 20:42:00,1415,"20","L7783"
"681","Hippokampos",32.01,2014-01-10,2014-01-10 13:40:00,2463,"13","L6886"
"682","Hippokampos",32.29,2014-01-13,2014-01-13 21:13:00,7117,"21","L6417"
"683","Hippokampos",32.4,2014-01-15,2014-01-15 13:42:00,1877,"13","L3014"
"684","Hippokampos",32.63,2014-01-11,2014-01-11 19:27:00,9683,"19","L7291"
"685","Hippokampos",32.66,2014-01-08,2014-01-08 20:02:00,6895,"20","L3366"
"686","Hippokampos",34.03,2014-01-06,2014-01-06 13:20:00,6691,"13","L6267"
"687","Hippokampos",35.12,2014-01-15,2014-01-15 20:10:00,9635,"20","L3191"
"688","Hippokampos",35.34,2014-01-06,2014-01-06 20:20:00,1321,"20","L4149"
"689","Hippokampos",35.73,2014-01-13,2014-01-13 13:24:00,7253,"13","L1682"
"690","Hippokampos",36.01,2014-01-14,2014-01-14 13:17:00,7253,"13","L1682"
"691","Hippokampos",36.17,2014-01-16,2014-01-16 13:26:00,6899,"13","L6267"
"692","Hippokampos",36.54,2014-01-06,2014-01-06 13:35:00,2681,"13","L1107"
"693","Hippokampos",36.7,2014-01-15,2014-01-15 13:12:00,8332,"13","L2070"
"694","Hippokampos",37.16,2014-01-15,2014-01-15 21:42:00,8156,"21","L5224"
"695","Hippokampos",37.57,2014-01-07,2014-01-07 14:11:00,8129,"14","L8328"
"696","Hippokampos",37.88,2014-01-07,2014-01-07 21:17:00,2463,"21","L6886"
"697","Hippokampos",37.89,2014-01-08,2014-01-08 13:31:00,1321,"13","L4149"
"698","Hippokampos",38.19,2014-01-17,2014-01-17 21:29:00,2463,"21","L6886"
"699","Hippokampos",38.21,2014-01-17,2014-01-17 13:16:00,2418,"13","L9018"
"700","Hippokampos",38.25,2014-01-06,2014-01-06 13:58:00,8202,"13","L2343"
"701","Hippokampos",39.64,2014-01-14,2014-01-14 19:44:00,1415,"19","L7783"
"702","Hippokampos",39.8,2014-01-08,2014-01-08 13:43:00,9551,"13","L5777"
"703","Hippokampos",39.89,2014-01-10,2014-01-10 13:58:00,6901,"13","L9363"
"704","Hippokampos",46.32,2014-01-19,2014-01-19 19:44:00,6895,"19","L3366"
"705","Hippokampos",48.23,2014-01-19,2014-01-19 19:43:00,8332,"19","L2070"
"706","Hippokampos",49.21,2014-01-18,2014-01-18 20:01:00,1286,"20","L3288"
"707","Hippokampos",49.23,2014-01-12,2014-01-12 19:35:00,6895,"19","L3366"
"708","Hippokampos",52.21,2014-01-12,2014-01-12 19:51:00,8156,"19","L5224"
"709","Hippokampos",52.31,2014-01-17,2014-01-17 13:38:00,1286,"13","L3288"
"710","Hippokampos",53.21,2014-01-18,2014-01-18 19:36:00,2463,"19","L6886"
"711","Hippokampos",55.03,2014-01-18,2014-01-18 20:26:00,7117,"20","L6417"
"712","Hippokampos",63.17,2014-01-19,2014-01-19 19:56:00,2463,"19","L6886"
"713","Hippokampos",63.21,2014-01-11,2014-01-11 19:45:00,8332,"19","L8566"
"714","Hippokampos",63.21,2014-01-11,2014-01-11 19:45:00,8332,"19","L2070"
"715","Hippokampos",63.21,2014-01-11,2014-01-11 19:29:00,4795,"19","L8566"
"716","Hippokampos",63.21,2014-01-11,2014-01-11 19:29:00,4795,"19","L2070"
"717","Hippokampos",63.21,2014-01-18,2014-01-18 19:42:00,8332,"19","L2070"
"718","Hippokampos",63.32,2014-01-12,2014-01-12 20:38:00,7688,"20","L4164"
"719","Hippokampos",66.21,2014-01-11,2014-01-11 19:26:00,7688,"19","L4164"
"720","Hippokampos",66.63,2014-01-12,2014-01-12 19:29:00,1415,"19","L7783"
"721","Hippokampos",67.37,2014-01-11,2014-01-11 19:53:00,9635,"19","L3191"
"722","Hippokampos",69.8,2014-01-11,2014-01-11 20:27:00,7117,"20","L6417"
"723","Hippokampos",70.23,2014-01-11,2014-01-11 20:23:00,1415,"20","L7783"
"724","Hippokampos",72.5,2014-01-18,2014-01-18 20:11:00,1415,"20","L7783"
"725","Hippokampos",78.21,2014-01-12,2014-01-12 20:05:00,9635,"20","L3191"
"726","Hippokampos",78.96,2014-01-19,2014-01-19 20:16:00,1415,"20","L7783"
"727","Hippokampos",101.25,2014-01-19,2014-01-19 19:43:00,9635,"19","L3191"
"728","Jack's Magical Beans",3.96,2014-01-08,2014-01-08 12:00:00,6899,"12","L6267"
"729","Jack's Magical Beans",5.22,2014-01-13,2014-01-13 12:00:00,9241,"12","L3288"
"730","Jack's Magical Beans",5.3,2014-01-15,2014-01-15 12:00:00,9241,"12","L3288"
"731","Jack's Magical Beans",5.46,2014-01-10,2014-01-10 12:00:00,8156,"12","L5224"
"732","Jack's Magical Beans",6,2014-01-09,2014-01-09 12:00:00,3853,"12","L1485"
"733","Jack's Magical Beans",6.95,2014-01-16,2014-01-16 12:00:00,2463,"12","L6886"
"734","Jack's Magical Beans",7.57,2014-01-17,2014-01-17 12:00:00,6899,"12","L6267"
"735","Jack's Magical Beans",9.12,2014-01-16,2014-01-16 12:00:00,6899,"12","L6267"
"736","Jack's Magical Beans",9.64,2014-01-13,2014-01-13 12:00:00,8156,"12","L5224"
"737","Jack's Magical Beans",10.11,2014-01-09,2014-01-09 12:00:00,6899,"12","L6267"
"738","Jack's Magical Beans",11.03,2014-01-06,2014-01-06 12:00:00,6899,"12","L6267"
"739","Jack's Magical Beans",12.37,2014-01-08,2014-01-08 12:00:00,8156,"12","L5224"
"740","Jack's Magical Beans",12.56,2014-01-16,2014-01-16 12:00:00,8156,"12","L5224"
"741","Jack's Magical Beans",14.86,2014-01-16,2014-01-16 12:00:00,9241,"12","L3288"
"742","Jack's Magical Beans",15.69,2014-01-10,2014-01-10 12:00:00,6899,"12","L6267"
"743","Jack's Magical Beans",16.29,2014-01-10,2014-01-10 12:00:00,9241,"12","L3288"
"744","Jack's Magical Beans",17.52,2014-01-13,2014-01-13 12:00:00,2463,"12","L6886"
"745","Jack's Magical Beans",18.1,2014-01-06,2014-01-06 12:00:00,2463,"12","L6886"
"746","Jack's Magical Beans",18.31,2014-01-13,2014-01-13 12:00:00,6899,"12","L6267"
"747","Jack's Magical Beans",18.59,2014-01-06,2014-01-06 12:00:00,9241,"12","L3288"
"748","Jack's Magical Beans",18.77,2014-01-07,2014-01-07 12:00:00,9241,"12","L3288"
"749","Jack's Magical Beans",18.78,2014-01-08,2014-01-08 12:00:00,9241,"12","L3288"
"750","Jack's Magical Beans",19.11,2014-01-17,2014-01-17 12:00:00,9241,"12","L3288"
"751","Jack's Magical Beans",19.54,2014-01-15,2014-01-15 12:00:00,2463,"12","L6886"
"752","Jack's Magical Beans",19.61,2014-01-07,2014-01-07 12:00:00,8156,"12","L5224"
"753","Kalami Kafenion",8.64,2014-01-06,2014-01-06 13:28:00,5407,"13","L4034"
"754","Kalami Kafenion",8.86,2014-01-16,2014-01-16 13:49:00,7384,"13","L3800"
"755","Kalami Kafenion",9.27,2014-01-16,2014-01-16 13:45:00,8202,"13","L2343"
"756","Kalami Kafenion",10.94,2014-01-09,2014-01-09 14:04:00,8129,"14","L8328"
"757","Kalami Kafenion",11.64,2014-01-07,2014-01-07 13:24:00,5407,"13","L4034"
"758","Kalami Kafenion",11.83,2014-01-16,2014-01-16 13:48:00,3492,"13","L7814"
"759","Kalami Kafenion",13.08,2014-01-06,2014-01-06 14:00:00,7117,"14","L6417"
"760","Kalami Kafenion",14.59,2014-01-12,2014-01-12 13:55:00,3492,"13","L7814"
"761","Kalami Kafenion",14.77,2014-01-08,2014-01-08 13:52:00,6816,"13","L8148"
"762","Kalami Kafenion",15.15,2014-01-14,2014-01-14 13:24:00,8332,"13","L2070"
"763","Kalami Kafenion",15.27,2014-01-14,2014-01-14 13:51:00,1321,"13","L4149"
"764","Kalami Kafenion",17.38,2014-01-14,2014-01-14 13:24:00,9635,"13","L3191"
"765","Kalami Kafenion",18.06,2014-01-07,2014-01-07 13:33:00,4795,"13","L8566"
"766","Kalami Kafenion",18.14,2014-01-09,2014-01-09 13:38:00,7384,"13","L3800"
"767","Kalami Kafenion",19.84,2014-01-09,2014-01-09 13:56:00,4948,"13","L9406"
"768","Kalami Kafenion",20.02,2014-01-17,2014-01-17 13:51:00,1874,"13","L4424"
"769","Kalami Kafenion",20.33,2014-01-13,2014-01-13 13:55:00,5368,"13","L2247"
"770","Kalami Kafenion",22.14,2014-01-07,2014-01-07 13:46:00,7108,"13","L6544"
"771","Kalami Kafenion",22.31,2014-01-06,2014-01-06 13:52:00,4434,"13","L2169"
"772","Kalami Kafenion",22.39,2014-01-15,2014-01-15 13:08:00,8156,"13","L5224"
"773","Kalami Kafenion",22.49,2014-01-08,2014-01-08 13:42:00,8202,"13","L2343"
"774","Kalami Kafenion",22.83,2014-01-07,2014-01-07 13:45:00,1877,"13","L3014"
"775","Kalami Kafenion",23.1,2014-01-14,2014-01-14 13:42:00,3492,"13","L7814"
"776","Kalami Kafenion",23.82,2014-01-08,2014-01-08 13:45:00,3492,"13","L7814"
"777","Kalami Kafenion",23.86,2014-01-11,2014-01-11 19:17:00,7819,"19","L5259"
"778","Kalami Kafenion",24.08,2014-01-08,2014-01-08 13:29:00,5921,"13","L3295"
"779","Kalami Kafenion",24.14,2014-01-18,2014-01-18 13:58:00,1321,"13","L4149"
"780","Kalami Kafenion",24.21,2014-01-17,2014-01-17 13:53:00,8411,"13","L6110"
"781","Kalami Kafenion",24.3,2014-01-10,2014-01-10 13:53:00,4434,"13","L2169"
"782","Kalami Kafenion",26.17,2014-01-15,2014-01-15 13:35:00,1874,"13","L4424"
"783","Kalami Kafenion",27.4,2014-01-06,2014-01-06 14:15:00,8129,"14","L8328"
"784","Kalami Kafenion",27.48,2014-01-10,2014-01-10 13:45:00,5407,"13","L4034"
"785","Kalami Kafenion",27.65,2014-01-14,2014-01-14 13:50:00,4948,"13","L9406"
"786","Kalami Kafenion",27.73,2014-01-17,2014-01-17 13:58:00,7108,"13","L6544"
"787","Kalami Kafenion",28.82,2014-01-15,2014-01-15 14:13:00,6901,"14","L9363"
"788","Kalami Kafenion",30.12,2014-01-18,2014-01-18 13:19:00,5368,"13","L2247"
"789","Kalami Kafenion",31.43,2014-01-08,2014-01-08 14:19:00,8129,"14","L8328"
"790","Kalami Kafenion",31.96,2014-01-08,2014-01-08 13:44:00,7354,"13","L9254"
"791","Kalami Kafenion",33.13,2014-01-14,2014-01-14 13:40:00,5407,"13","L4034"
"792","Kalami Kafenion",34.98,2014-01-08,2014-01-08 14:15:00,7117,"14","L6417"
"793","Kalami Kafenion",35.66,2014-01-11,2014-01-11 14:09:00,7117,"14","L6417"
"794","Kalami Kafenion",35.69,2014-01-10,2014-01-10 13:30:00,3484,"13","L2490"
"795","Kalami Kafenion",35.99,2014-01-09,2014-01-09 14:03:00,6691,"14","L6267"
"796","Kalami Kafenion",37.15,2014-01-15,2014-01-15 13:36:00,8411,"13","L6110"
"797","Kalami Kafenion",38.5,2014-01-15,2014-01-15 13:37:00,5407,"13","L4034"
"798","Kalami Kafenion",38.91,2014-01-18,2014-01-18 13:28:00,2463,"13","L6886"
"799","Kalami Kafenion",39.36,2014-01-11,2014-01-11 14:16:00,7108,"14","L6544"
"800","Kalami Kafenion",42.73,2014-01-18,2014-01-18 14:02:00,8202,"14","L2343"
"801","Kalami Kafenion",45.05,2014-01-07,2014-01-07 13:24:00,1286,"13","L3288"
"802","Kalami Kafenion",50.2,2014-01-11,2014-01-11 20:04:00,1286,"20","L3288"
"803","Kalami Kafenion",53.36,2014-01-18,2014-01-18 14:17:00,6901,"14","L9363"
"804","Kalami Kafenion",101.5,2014-01-10,2014-01-10 13:35:00,9241,"13","L3288"
"805","Kalami Kafenion",140.78,2014-01-17,2014-01-17 13:16:00,7253,"13","L1682"
"806","Katerina<U+0092>s Caf<e9>",8.01,2014-01-09,2014-01-09 14:06:00,1877,"14","L3014"
"807","Katerina<U+0092>s Caf<e9>",8.14,2014-01-10,2014-01-10 20:09:00,8411,"20","L6110"
"808","Katerina<U+0092>s Caf<e9>",8.14,2014-01-18,2014-01-18 19:30:00,7889,"19","L6119"
"809","Katerina<U+0092>s Caf<e9>",8.29,2014-01-13,2014-01-13 13:40:00,1874,"13","L4424"
"810","Katerina<U+0092>s Caf<e9>",8.53,2014-01-08,2014-01-08 13:28:00,6899,"13","L6267"
"811","Katerina<U+0092>s Caf<e9>",8.57,2014-01-09,2014-01-09 21:18:00,1310,"21","L8012"
"812","Katerina<U+0092>s Caf<e9>",9.72,2014-01-18,2014-01-18 20:13:00,3853,"20","L1485"
"813","Katerina<U+0092>s Caf<e9>",9.78,2014-01-11,2014-01-11 20:13:00,9405,"20","L3259"
"814","Katerina<U+0092>s Caf<e9>",10.03,2014-01-14,2014-01-14 13:22:00,6895,"13","L3366"
"815","Katerina<U+0092>s Caf<e9>",10.07,2014-01-07,2014-01-07 20:11:00,2142,"20","L9637"
"816","Katerina<U+0092>s Caf<e9>",10.42,2014-01-09,2014-01-09 13:35:00,3853,"13","L1485"
"817","Katerina<U+0092>s Caf<e9>",10.9,2014-01-07,2014-01-07 14:07:00,4434,"14","L2169"
"818","Katerina<U+0092>s Caf<e9>",10.93,2014-01-16,2014-01-16 19:39:00,7889,"19","L6119"
"819","Katerina<U+0092>s Caf<e9>",11.08,2014-01-16,2014-01-16 13:17:00,9683,"13","L7291"
"820","Katerina<U+0092>s Caf<e9>",11.45,2014-01-15,2014-01-15 20:05:00,9617,"20","L5553"
"821","Katerina<U+0092>s Caf<e9>",11.81,2014-01-12,2014-01-12 19:21:00,7253,"19","L1682"
"822","Katerina<U+0092>s Caf<e9>",11.89,2014-01-14,2014-01-14 20:34:00,3492,"20","L7814"
"823","Katerina<U+0092>s Caf<e9>",12.12,2014-01-15,2014-01-15 14:00:00,1310,"14","L8012"
"824","Katerina<U+0092>s Caf<e9>",12.32,2014-01-06,2014-01-06 20:08:00,1874,"20","L4424"
"825","Katerina<U+0092>s Caf<e9>",12.55,2014-01-11,2014-01-11 19:50:00,7889,"19","L6119"
"826","Katerina<U+0092>s Caf<e9>",12.64,2014-01-12,2014-01-12 19:18:00,7889,"19","L6119"
"827","Katerina<U+0092>s Caf<e9>",12.65,2014-01-14,2014-01-14 20:26:00,1874,"20","L4424"
"828","Katerina<U+0092>s Caf<e9>",13.11,2014-01-17,2014-01-17 13:48:00,1321,"13","L4149"
"829","Katerina<U+0092>s Caf<e9>",13.59,2014-01-06,2014-01-06 13:50:00,1874,"13","L4424"
"830","Katerina<U+0092>s Caf<e9>",13.77,2014-01-15,2014-01-15 21:05:00,7253,"21","L1682"
"831","Katerina<U+0092>s Caf<e9>",13.83,2014-01-08,2014-01-08 20:00:00,8411,"20","L6110"
"832","Katerina<U+0092>s Caf<e9>",13.91,2014-01-16,2014-01-16 20:23:00,9617,"20","L5553"
"833","Katerina<U+0092>s Caf<e9>",15.37,2014-01-12,2014-01-12 20:12:00,9405,"20","L3259"
"834","Katerina<U+0092>s Caf<e9>",15.52,2014-01-06,2014-01-06 20:33:00,5921,"20","L3295"
"835","Katerina<U+0092>s Caf<e9>",15.76,2014-01-10,2014-01-10 20:08:00,9405,"20","L3259"
"836","Katerina<U+0092>s Caf<e9>",16.34,2014-01-12,2014-01-12 20:17:00,8411,"20","L6110"
"837","Katerina<U+0092>s Caf<e9>",16.93,2014-01-08,2014-01-08 20:35:00,8202,"20","L2343"
"838","Katerina<U+0092>s Caf<e9>",16.98,2014-01-09,2014-01-09 13:23:00,7792,"13","L5756"
"839","Katerina<U+0092>s Caf<e9>",17.02,2014-01-09,2014-01-09 13:03:00,7253,"13","L1682"
"840","Katerina<U+0092>s Caf<e9>",17.26,2014-01-07,2014-01-07 20:33:00,9617,"20","L5553"
"841","Katerina<U+0092>s Caf<e9>",17.92,2014-01-06,2014-01-06 20:29:00,9405,"20","L3259"
"842","Katerina<U+0092>s Caf<e9>",18.35,2014-01-07,2014-01-07 21:19:00,1310,"21","L8012"
"843","Katerina<U+0092>s Caf<e9>",18.35,2014-01-14,2014-01-14 21:10:00,9617,"21","L5553"
"844","Katerina<U+0092>s Caf<e9>",18.56,2014-01-06,2014-01-06 13:46:00,6899,"13","L6267"
"845","Katerina<U+0092>s Caf<e9>",18.79,2014-01-16,2014-01-16 20:09:00,8129,"20","L8328"
"846","Katerina<U+0092>s Caf<e9>",19.02,2014-01-09,2014-01-09 20:08:00,3492,"20","L7814"
"847","Katerina<U+0092>s Caf<e9>",19.09,2014-01-17,2014-01-17 20:20:00,7253,"20","L1682"
"848","Katerina<U+0092>s Caf<e9>",19.3,2014-01-18,2014-01-18 13:34:00,3484,"13","L2490"
"849","Katerina<U+0092>s Caf<e9>",19.31,2014-01-18,2014-01-18 20:09:00,7354,"20","L9254"
"850","Katerina<U+0092>s Caf<e9>",19.44,2014-01-16,2014-01-16 20:36:00,2142,"20","L9637"
"851","Katerina<U+0092>s Caf<e9>",19.49,2014-01-07,2014-01-07 20:09:00,7253,"20","L1682"
"852","Katerina<U+0092>s Caf<e9>",19.53,2014-01-07,2014-01-07 20:32:00,5921,"20","L3295"
"853","Katerina<U+0092>s Caf<e9>",19.65,2014-01-06,2014-01-06 14:17:00,6901,"14","L9363"
"854","Katerina<U+0092>s Caf<e9>",20.71,2014-01-11,2014-01-11 19:32:00,6691,"19","L6267"
"855","Katerina<U+0092>s Caf<e9>",20.95,2014-01-14,2014-01-14 13:32:00,7354,"13","L9254"
"856","Katerina<U+0092>s Caf<e9>",21.01,2014-01-17,2014-01-17 13:42:00,3547,"13","L9362"
"857","Katerina<U+0092>s Caf<e9>",21.22,2014-01-10,2014-01-10 13:38:00,2418,"13","L9018"
"858","Katerina<U+0092>s Caf<e9>",21.22,2014-01-17,2014-01-17 20:07:00,1310,"20","L8012"
"859","Katerina<U+0092>s Caf<e9>",21.28,2014-01-10,2014-01-10 20:42:00,5407,"20","L4034"
"860","Katerina<U+0092>s Caf<e9>",21.89,2014-01-10,2014-01-10 19:56:00,5921,"19","L3295"
"861","Katerina<U+0092>s Caf<e9>",22.18,2014-01-17,2014-01-17 19:24:00,3492,"19","L7814"
"862","Katerina<U+0092>s Caf<e9>",22.27,2014-01-07,2014-01-07 13:33:00,7889,"13","L6119"
"863","Katerina<U+0092>s Caf<e9>",22.74,2014-01-18,2014-01-18 19:31:00,1874,"19","L4424"
"864","Katerina<U+0092>s Caf<e9>",23.45,2014-01-11,2014-01-11 13:50:00,1321,"13","L4149"
"865","Katerina<U+0092>s Caf<e9>",23.63,2014-01-06,2014-01-06 20:07:00,7253,"20","L1682"
"866","Katerina<U+0092>s Caf<e9>",24.15,2014-01-15,2014-01-15 13:13:00,7792,"13","L5756"
"867","Katerina<U+0092>s Caf<e9>",24.26,2014-01-13,2014-01-13 13:48:00,3492,"13","L7814"
"868","Katerina<U+0092>s Caf<e9>",24.33,2014-01-10,2014-01-10 13:47:00,2142,"13","L9637"
"869","Katerina<U+0092>s Caf<e9>",25.36,2014-01-10,2014-01-10 13:36:00,7354,"13","L9254"
"870","Katerina<U+0092>s Caf<e9>",25.4,2014-01-14,2014-01-14 20:50:00,8411,"20","L6110"
"871","Katerina<U+0092>s Caf<e9>",25.54,2014-01-07,2014-01-07 20:33:00,6691,"20","L6267"
"872","Katerina<U+0092>s Caf<e9>",25.62,2014-01-10,2014-01-10 13:47:00,6895,"13","L3366"
"873","Katerina<U+0092>s Caf<e9>",25.76,2014-01-11,2014-01-11 20:00:00,4948,"20","L9406"
"874","Katerina<U+0092>s Caf<e9>",25.85,2014-01-09,2014-01-09 13:27:00,8156,"13","L5224"
"875","Katerina<U+0092>s Caf<e9>",26.02,2014-01-11,2014-01-11 14:17:00,2142,"14","L9637"
"876","Katerina<U+0092>s Caf<e9>",26.1,2014-01-06,2014-01-06 20:59:00,3492,"20","L7814"
"877","Katerina<U+0092>s Caf<e9>",26.15,2014-01-13,2014-01-13 13:34:00,6899,"13","L6267"
"878","Katerina<U+0092>s Caf<e9>",26.45,2014-01-08,2014-01-08 13:41:00,2142,"13","L9637"
"879","Katerina<U+0092>s Caf<e9>",26.46,2014-01-06,2014-01-06 19:08:00,8129,"19","L8328"
"880","Katerina<U+0092>s Caf<e9>",26.51,2014-01-06,2014-01-06 21:12:00,4948,"21","L9406"
"881","Katerina<U+0092>s Caf<e9>",26.6,2014-01-09,2014-01-09 19:30:00,5921,"19","L9406"
"882","Katerina<U+0092>s Caf<e9>",26.6,2014-01-09,2014-01-09 19:30:00,5921,"19","L3295"
"883","Katerina<U+0092>s Caf<e9>",26.6,2014-01-09,2014-01-09 20:06:00,4948,"20","L9406"
"884","Katerina<U+0092>s Caf<e9>",26.6,2014-01-09,2014-01-09 20:06:00,4948,"20","L3295"
"885","Katerina<U+0092>s Caf<e9>",26.76,2014-01-19,2014-01-19 13:53:00,4434,"13","L2169"
"886","Katerina<U+0092>s Caf<e9>",27.48,2014-01-15,2014-01-15 21:21:00,3547,"21","L9362"
"887","Katerina<U+0092>s Caf<e9>",27.49,2014-01-17,2014-01-17 21:06:00,9405,"21","L3259"
"888","Katerina<U+0092>s Caf<e9>",27.59,2014-01-13,2014-01-13 21:00:00,1874,"21","L4424"
"889","Katerina<U+0092>s Caf<e9>",27.82,2014-01-16,2014-01-16 13:19:00,7688,"13","L4164"
"890","Katerina<U+0092>s Caf<e9>",27.87,2014-01-08,2014-01-08 21:09:00,1874,"21","L4424"
"891","Katerina<U+0092>s Caf<e9>",28,2014-01-06,2014-01-06 20:30:00,6691,"20","L6267"
"892","Katerina<U+0092>s Caf<e9>",29.1,2014-01-11,2014-01-11 13:32:00,6895,"13","L3366"
"893","Katerina<U+0092>s Caf<e9>",29.1,2014-01-14,2014-01-14 13:34:00,4795,"13","L8566"
"894","Katerina<U+0092>s Caf<e9>",29.12,2014-01-14,2014-01-14 13:14:00,8156,"13","L5224"
"895","Katerina<U+0092>s Caf<e9>",29.26,2014-01-08,2014-01-08 13:19:00,7792,"13","L5756"
"896","Katerina<U+0092>s Caf<e9>",29.33,2014-01-15,2014-01-15 20:17:00,8411,"20","L6110"
"897","Katerina<U+0092>s Caf<e9>",29.55,2014-01-13,2014-01-13 13:52:00,3547,"13","L9362"
"898","Katerina<U+0092>s Caf<e9>",29.66,2014-01-15,2014-01-15 20:29:00,2418,"20","L9018"
"899","Katerina<U+0092>s Caf<e9>",29.82,2014-01-09,2014-01-09 20:22:00,8202,"20","L2343"
"900","Katerina<U+0092>s Caf<e9>",30.56,2014-01-16,2014-01-16 20:39:00,8202,"20","L2343"
"901","Katerina<U+0092>s Caf<e9>",31.59,2014-01-08,2014-01-08 20:08:00,1310,"20","L8012"
"902","Katerina<U+0092>s Caf<e9>",31.6,2014-01-07,2014-01-07 20:18:00,8411,"20","L6110"
"903","Katerina<U+0092>s Caf<e9>",31.69,2014-01-14,2014-01-14 13:43:00,6691,"13","L6267"
"904","Katerina<U+0092>s Caf<e9>",31.94,2014-01-14,2014-01-14 20:19:00,5407,"20","L4034"
"905","Katerina<U+0092>s Caf<e9>",32.64,2014-01-06,2014-01-06 13:50:00,9617,"13","L5553"
"906","Katerina<U+0092>s Caf<e9>",32.68,2014-01-18,2014-01-18 19:56:00,2418,"19","L9018"
"907","Katerina<U+0092>s Caf<e9>",32.83,2014-01-07,2014-01-07 20:47:00,3492,"20","L7814"
"908","Katerina<U+0092>s Caf<e9>",33.11,2014-01-13,2014-01-13 21:16:00,9405,"21","L3259"
"909","Katerina<U+0092>s Caf<e9>",33.18,2014-01-11,2014-01-11 19:31:00,2142,"19","L9637"
"910","Katerina<U+0092>s Caf<e9>",33.29,2014-01-07,2014-01-07 21:01:00,9405,"21","L3259"
"911","Katerina<U+0092>s Caf<e9>",33.31,2014-01-08,2014-01-08 20:27:00,2142,"20","L9637"
"912","Katerina<U+0092>s Caf<e9>",33.41,2014-01-18,2014-01-18 19:32:00,4434,"19","L2169"
"913","Katerina<U+0092>s Caf<e9>",33.54,2014-01-06,2014-01-06 13:28:00,8411,"13","L6110"
"914","Katerina<U+0092>s Caf<e9>",33.54,2014-01-14,2014-01-14 13:58:00,7819,"13","L5259"
"915","Katerina<U+0092>s Caf<e9>",33.63,2014-01-18,2014-01-18 19:54:00,1310,"19","L8012"
"916","Katerina<U+0092>s Caf<e9>",33.73,2014-01-17,2014-01-17 21:05:00,5407,"21","L4034"
"917","Katerina<U+0092>s Caf<e9>",33.79,2014-01-19,2014-01-19 20:05:00,1874,"20","L4424"
"918","Katerina<U+0092>s Caf<e9>",34.02,2014-01-16,2014-01-16 13:27:00,3484,"13","L2490"
"919","Katerina<U+0092>s Caf<e9>",34.03,2014-01-19,2014-01-19 19:53:00,7889,"19","L6119"
"920","Katerina<U+0092>s Caf<e9>",34.25,2014-01-08,2014-01-08 19:32:00,5407,"19","L4034"
"921","Katerina<U+0092>s Caf<e9>",34.54,2014-01-18,2014-01-18 13:15:00,6691,"13","L6267"
"922","Katerina<U+0092>s Caf<e9>",34.58,2014-01-16,2014-01-16 20:51:00,3492,"20","L7814"
"923","Katerina<U+0092>s Caf<e9>",34.76,2014-01-10,2014-01-10 13:30:00,7688,"13","L4164"
"924","Katerina<U+0092>s Caf<e9>",34.9,2014-01-16,2014-01-16 13:23:00,7792,"13","L5756"
"925","Katerina<U+0092>s Caf<e9>",35.01,2014-01-19,2014-01-19 13:00:00,7354,"13","L9254"
"926","Katerina<U+0092>s Caf<e9>",35.43,2014-01-16,2014-01-16 20:25:00,2418,"20","L9018"
"927","Katerina<U+0092>s Caf<e9>",35.52,2014-01-17,2014-01-17 13:53:00,4434,"13","L2169"
"928","Katerina<U+0092>s Caf<e9>",35.7,2014-01-13,2014-01-13 20:24:00,2142,"20","L9637"
"929","Katerina<U+0092>s Caf<e9>",35.92,2014-01-09,2014-01-09 19:25:00,8129,"19","L8328"
"930","Katerina<U+0092>s Caf<e9>",36.12,2014-01-17,2014-01-17 20:19:00,8202,"20","L2343"
"931","Katerina<U+0092>s Caf<e9>",36.6,2014-01-08,2014-01-08 20:31:00,7889,"20","L6119"
"932","Katerina<U+0092>s Caf<e9>",36.95,2014-01-14,2014-01-14 20:17:00,3547,"20","L9362"
"933","Katerina<U+0092>s Caf<e9>",37.21,2014-01-18,2014-01-18 20:15:00,7819,"20","L5259"
"934","Katerina<U+0092>s Caf<e9>",37.26,2014-01-18,2014-01-18 14:00:00,8411,"14","L6110"
"935","Katerina<U+0092>s Caf<e9>",37.44,2014-01-07,2014-01-07 13:57:00,8202,"13","L2343"
"936","Katerina<U+0092>s Caf<e9>",38.21,2014-01-17,2014-01-17 20:58:00,2142,"20","L9637"
"937","Katerina<U+0092>s Caf<e9>",38.32,2014-01-16,2014-01-16 13:43:00,5368,"13","L2247"
"938","Katerina<U+0092>s Caf<e9>",38.9,2014-01-19,2014-01-19 20:22:00,9617,"20","L5553"
"939","Katerina<U+0092>s Caf<e9>",38.98,2014-01-13,2014-01-13 13:23:00,2418,"13","L9018"
"940","Katerina<U+0092>s Caf<e9>",39.23,2014-01-15,2014-01-15 19:50:00,3492,"19","L7814"
"941","Katerina<U+0092>s Caf<e9>",39.3,2014-01-12,2014-01-12 20:04:00,8129,"20","L8328"
"942","Katerina<U+0092>s Caf<e9>",39.41,2014-01-06,2014-01-06 13:59:00,3853,"13","L1485"
"943","Katerina<U+0092>s Caf<e9>",39.63,2014-01-15,2014-01-15 20:23:00,1310,"20","L8012"
"944","Katerina<U+0092>s Caf<e9>",39.74,2014-01-16,2014-01-16 13:27:00,5407,"13","L4034"
"945","Katerina<U+0092>s Caf<e9>",40.25,2014-01-12,2014-01-12 20:35:00,4948,"20","L9406"
"946","Katerina<U+0092>s Caf<e9>",40.94,2014-01-12,2014-01-12 19:43:00,5407,"19","L4034"
"947","Katerina<U+0092>s Caf<e9>",45.21,2014-01-11,2014-01-11 13:23:00,2418,"13","L9018"
"948","Katerina<U+0092>s Caf<e9>",45.22,2014-01-11,2014-01-11 13:19:00,8156,"13","L5224"
"949","Katerina<U+0092>s Caf<e9>",45.68,2014-01-11,2014-01-11 19:51:00,1310,"19","L8012"
"950","Katerina<U+0092>s Caf<e9>",45.88,2014-01-18,2014-01-18 20:04:00,8411,"20","L6110"
"951","Katerina<U+0092>s Caf<e9>",52.45,2014-01-11,2014-01-11 20:06:00,8202,"20","L2343"
"952","Katerina<U+0092>s Caf<e9>",55.6,2014-01-15,2014-01-15 13:27:00,1286,"13","L3288"
"953","Katerina<U+0092>s Caf<e9>",55.67,2014-01-11,2014-01-11 19:08:00,9617,"19","L5553"
"954","Katerina<U+0092>s Caf<e9>",57.36,2014-01-11,2014-01-11 19:40:00,2540,"19","L5947"
"955","Katerina<U+0092>s Caf<e9>",67.14,2014-01-12,2014-01-12 20:11:00,3547,"20","L9362"
"956","Katerina<U+0092>s Caf<e9>",70.22,2014-01-19,2014-01-19 13:23:00,4795,"13","L8566"
"957","Katerina<U+0092>s Caf<e9>",71.65,2014-01-11,2014-01-11 13:43:00,3484,"13","L2490"
"958","Katerina<U+0092>s Caf<e9>",76.1,2014-01-18,2014-01-18 19:53:00,3547,"19","L9362"
"959","Katerina<U+0092>s Caf<e9>",94.68,2014-01-11,2014-01-11 20:24:00,2418,"20","L9018"
"960","Katerina<U+0092>s Caf<e9>",96.36,2014-01-18,2014-01-18 14:03:00,7688,"14","L4164"
"961","Kronos Pipe and Irrigation",242.21,2014-01-06,2014-01-06 09:06:00,9220,"09","L4063"
"962","Kronos Pipe and Irrigation",423.14,2014-01-09,2014-01-09 14:28:00,4530,"14","L8477"
"963","Kronos Pipe and Irrigation",2564,2014-01-15,2014-01-15 14:12:00,4530,"14","L8477"
"964","Kronos Pipe and Irrigation",3615.61,2014-01-08,2014-01-08 14:09:00,4530,"14","L8477"
"965","Kronos Pipe and Irrigation",3920.82,2014-01-07,2014-01-07 14:19:00,4530,"14","L8477"
"966","Maximum Iron and Steel",689.85,2014-01-13,2014-01-13 10:20:00,9220,"10","L4063"
"967","Maximum Iron and Steel",1527.14,2014-01-09,2014-01-09 15:16:00,4530,"15","L8477"
"968","Maximum Iron and Steel",2859.51,2014-01-06,2014-01-06 10:18:00,9220,"10","L4063"
"969","Maximum Iron and Steel",3136.01,2014-01-08,2014-01-08 15:18:00,4530,"15","L8477"
"970","Maximum Iron and Steel",3207.31,2014-01-07,2014-01-07 15:20:00,4530,"15","L8477"
"971","Maximum Iron and Steel",4788.22,2014-01-15,2014-01-15 15:11:00,4530,"15","L8477"
"972","Nationwide Refinery",204.58,2014-01-13,2014-01-13 10:12:00,9735,"10","L9633"
"973","Nationwide Refinery",289.3,2014-01-09,2014-01-09 11:34:00,7792,"11","L5756"
"974","Nationwide Refinery",570.95,2014-01-14,2014-01-14 11:45:00,7792,"11","L5756"
"975","Nationwide Refinery",674.28,2014-01-09,2014-01-09 10:16:00,9735,"10","L9633"
"976","Nationwide Refinery",761.64,2014-01-06,2014-01-06 10:02:00,9735,"10","L9633"
"977","Nationwide Refinery",889.58,2014-01-07,2014-01-07 16:24:00,2276,"16","L3317"
"978","Nationwide Refinery",965.72,2014-01-14,2014-01-14 10:03:00,9735,"10","L9633"
"979","Nationwide Refinery",1322.5,2014-01-09,2014-01-09 16:27:00,2276,"16","L3317"
"980","Nationwide Refinery",1347.36,2014-01-07,2014-01-07 10:11:00,9735,"10","L9633"
"981","Nationwide Refinery",1391.24,2014-01-15,2014-01-15 10:14:00,9735,"10","L9633"
"982","Nationwide Refinery",1494.44,2014-01-16,2014-01-16 10:16:00,9735,"10","L9633"
"983","Nationwide Refinery",1552.82,2014-01-10,2014-01-10 10:00:00,9735,"10","L9633"
"984","Nationwide Refinery",1562.66,2014-01-07,2014-01-07 11:39:00,7792,"11","L5756"
"985","Nationwide Refinery",2047.28,2014-01-16,2014-01-16 12:32:00,3506,"12","L7761"
"986","Nationwide Refinery",3004.98,2014-01-15,2014-01-15 11:55:00,7792,"11","L5756"
"987","Nationwide Refinery",3674.32,2014-01-08,2014-01-08 10:14:00,9735,"10","L9633"
"988","Nationwide Refinery",4429.76,2014-01-14,2014-01-14 16:28:00,2276,"16","L3317"
"989","Nationwide Refinery",4513.16,2014-01-08,2014-01-08 09:54:00,9152,"09","L5485"
"990","Nationwide Refinery",4742.67,2014-01-16,2014-01-16 11:25:00,7792,"11","L5756"
"991","Octavio's Office Supplies",64.51,2014-01-10,2014-01-10 16:07:00,7253,"16","L1682"
"992","Octavio's Office Supplies",131.01,2014-01-16,2014-01-16 15:58:00,5368,"15","L2247"
"993","Octavio's Office Supplies",139.72,2014-01-10,2014-01-10 14:41:00,4795,"14","L8566"
"994","Ouzeri Elian",8.32,2014-01-13,2014-01-13 13:48:00,1310,"13","L8012"
"995","Ouzeri Elian",8.47,2014-01-16,2014-01-16 14:01:00,7117,"14","L6417"
"996","Ouzeri Elian",8.52,2014-01-16,2014-01-16 14:00:00,2418,"14","L9018"
"997","Ouzeri Elian",8.57,2014-01-15,2014-01-15 21:05:00,2681,"21","L1107"
"998","Ouzeri Elian",8.93,2014-01-15,2014-01-15 13:10:00,7253,"13","L1682"
"999","Ouzeri Elian",9.91,2014-01-16,2014-01-16 20:28:00,9551,"20","L5777"
"1000","Ouzeri Elian",11.41,2014-01-07,2014-01-07 20:15:00,9241,"20","L3288"
"1001","Ouzeri Elian",11.86,2014-01-14,2014-01-14 20:32:00,6899,"20","L6267"
"1002","Ouzeri Elian",12.47,2014-01-16,2014-01-16 13:45:00,3853,"13","L1485"
"1003","Ouzeri Elian",12.9,2014-01-15,2014-01-15 13:22:00,3484,"13","L2490"
"1004","Ouzeri Elian",14.9,2014-01-18,2014-01-18 19:46:00,2681,"19","L1107"
"1005","Ouzeri Elian",15.25,2014-01-10,2014-01-10 13:50:00,1877,"13","L3014"
"1006","Ouzeri Elian",19.7,2014-01-14,2014-01-14 14:01:00,7117,"14","L6417"
"1007","Ouzeri Elian",19.82,2014-01-13,2014-01-13 12:55:00,9220,"12","L4063"
"1008","Ouzeri Elian",19.92,2014-01-10,2014-01-10 18:52:00,6899,"18","L6267"
"1009","Ouzeri Elian",20.4,2014-01-06,2014-01-06 13:42:00,6895,"13","L3366"
"1010","Ouzeri Elian",20.46,2014-01-10,2014-01-10 13:44:00,9405,"13","L3259"
"1011","Ouzeri Elian",20.53,2014-01-07,2014-01-07 20:49:00,2681,"20","L1107"
"1012","Ouzeri Elian",20.56,2014-01-06,2014-01-06 13:37:00,6816,"13","L8148"
"1013","Ouzeri Elian",20.74,2014-01-06,2014-01-06 13:48:00,5368,"13","L2247"
"1014","Ouzeri Elian",21.83,2014-01-13,2014-01-13 20:43:00,2681,"20","L1107"
"1015","Ouzeri Elian",21.85,2014-01-07,2014-01-07 13:50:00,8411,"13","L6110"
"1016","Ouzeri Elian",22.4,2014-01-09,2014-01-09 13:23:00,6816,"13","L8148"
"1017","Ouzeri Elian",22.65,2014-01-16,2014-01-16 20:25:00,2681,"20","L1107"
"1018","Ouzeri Elian",22.86,2014-01-15,2014-01-15 13:42:00,7108,"13","L6544"
"1019","Ouzeri Elian",23.18,2014-01-15,2014-01-15 20:29:00,6899,"20","L6267"
"1020","Ouzeri Elian",23.65,2014-01-19,2014-01-19 13:27:00,3484,"13","L2490"
"1021","Ouzeri Elian",23.89,2014-01-16,2014-01-16 20:25:00,6899,"20","L6267"
"1022","Ouzeri Elian",24.72,2014-01-12,2014-01-12 13:28:00,7819,"13","L5259"
"1023","Ouzeri Elian",24.74,2014-01-10,2014-01-10 13:57:00,5368,"13","L2247"
"1024","Ouzeri Elian",25.7,2014-01-15,2014-01-15 13:40:00,5368,"13","L2247"
"1025","Ouzeri Elian",26.09,2014-01-09,2014-01-09 13:21:00,7688,"13","L4164"
"1026","Ouzeri Elian",26.1,2014-01-17,2014-01-17 14:32:00,8129,"14","L8328"
"1027","Ouzeri Elian",26.4,2014-01-17,2014-01-17 20:35:00,2681,"20","L1107"
"1028","Ouzeri Elian",26.61,2014-01-15,2014-01-15 13:51:00,8129,"13","L8328"
"1029","Ouzeri Elian",28.37,2014-01-07,2014-01-07 13:32:00,4948,"13","L9406"
"1030","Ouzeri Elian",28.75,2014-01-13,2014-01-13 19:30:00,9551,"19","L5777"
"1031","Ouzeri Elian",28.86,2014-01-15,2014-01-15 19:18:00,9241,"19","L3288"
"1032","Ouzeri Elian",29.1,2014-01-07,2014-01-07 13:29:00,2142,"13","L9637"
"1033","Ouzeri Elian",29.75,2014-01-13,2014-01-13 14:06:00,1877,"14","L3014"
"1034","Ouzeri Elian",29.85,2014-01-08,2014-01-08 21:17:00,6899,"21","L6267"
"1035","Ouzeri Elian",29.99,2014-01-16,2014-01-16 21:16:00,9241,"21","L3288"
"1036","Ouzeri Elian",30.87,2014-01-06,2014-01-06 13:48:00,5921,"13","L3295"
"1037","Ouzeri Elian",30.93,2014-01-10,2014-01-10 14:07:00,9617,"14","L5553"
"1038","Ouzeri Elian",32.89,2014-01-09,2014-01-09 14:04:00,7108,"14","L6544"
"1039","Ouzeri Elian",33.57,2014-01-18,2014-01-18 13:18:00,6895,"13","L3366"
"1040","Ouzeri Elian",33.67,2014-01-14,2014-01-14 13:53:00,2681,"13","L1107"
"1041","Ouzeri Elian",35.24,2014-01-10,2014-01-10 13:35:00,3853,"13","L1485"
"1042","Ouzeri Elian",35.81,2014-01-17,2014-01-17 20:28:00,9551,"20","L5777"
"1043","Ouzeri Elian",36.47,2014-01-15,2014-01-15 13:31:00,1321,"13","L4149"
"1044","Ouzeri Elian",38.55,2014-01-12,2014-01-12 13:03:00,8332,"13","L2070"
"1045","Ouzeri Elian",38.6,2014-01-17,2014-01-17 19:40:00,6899,"19","L6267"
"1046","Ouzeri Elian",38.9,2014-01-06,2014-01-06 13:22:00,2540,"13","L5947"
"1047","Ouzeri Elian",45.32,2014-01-19,2014-01-19 14:08:00,7384,"14","L3800"
"1048","Ouzeri Elian",55.55,2014-01-12,2014-01-12 19:59:00,6899,"19","L6267"
"1049","Ouzeri Elian",57.63,2014-01-18,2014-01-18 19:21:00,6899,"19","L6267"
"1050","Ouzeri Elian",62.2,2014-01-08,2014-01-08 20:12:00,1286,"20","L3288"
"1051","Ouzeri Elian",67.98,2014-01-19,2014-01-19 19:48:00,6899,"19","L6267"
"1052","Ouzeri Elian",69.36,2014-01-11,2014-01-11 19:21:00,6899,"19","L6267"
"1053","Ouzeri Elian",72.32,2014-01-12,2014-01-12 13:30:00,1310,"13","L8012"
"1054","Ouzeri Elian",98.45,2014-01-12,2014-01-12 13:17:00,5407,"13","L4034"
"1055","Ouzeri Elian",117.22,2014-01-12,2014-01-12 13:32:00,8156,"13","L5224"
"1056","Roberts and Sons",62.47,2014-01-18,2014-01-18 15:41:00,7253,"15","L1682"
"1057","Roberts and Sons",155.76,2014-01-16,2014-01-16 20:25:00,4434,"20","L2169"
"1058","Roberts and Sons",240.66,2014-01-16,2014-01-16 20:52:00,7354,"20","L9254"
"1059","Roberts and Sons",266.69,2014-01-18,2014-01-18 19:20:00,9617,"19","L5553"
"1060","Shoppers' Delight",16.84,2014-01-16,2014-01-16 20:50:00,1286,"20","L3572"
"1061","Shoppers' Delight",30.39,2014-01-19,2014-01-19 19:56:00,2142,"19","L9637"
"1062","Shoppers' Delight",51.5,2014-01-12,2014-01-12 16:08:00,3547,"16","L9362"
"1063","Shoppers' Delight",86.22,2014-01-12,2014-01-12 15:24:00,1286,"15","L3572"
"1064","Shoppers' Delight",135.78,2014-01-12,2014-01-12 15:10:00,1310,"15","L8012"
"1065","Shoppers' Delight",144.4,2014-01-13,2014-01-13 20:45:00,6901,"20","L9363"
"1066","Shoppers' Delight",155.01,2014-01-17,2014-01-17 20:05:00,7384,"20","L3800"
"1067","Shoppers' Delight",204.37,2014-01-12,2014-01-12 15:32:00,7819,"15","L5259"
"1068","Shoppers' Delight",211.03,2014-01-12,2014-01-12 19:26:00,7384,"19","L3800"
"1069","Shoppers' Delight",216.43,2014-01-13,2014-01-13 19:27:00,3853,"19","L1485"
"1070","Shoppers' Delight",238.52,2014-01-11,2014-01-11 15:20:00,2418,"15","L9018"
"1071","Shoppers' Delight",258.33,2014-01-18,2014-01-18 15:40:00,8156,"15","L5224"
"1072","Shoppers' Delight",258.43,2014-01-09,2014-01-09 21:13:00,2681,"21","L1107"
"1073","Shoppers' Delight",279.53,2014-01-10,2014-01-10 20:17:00,7819,"20","L5259"
"1074","Shoppers' Delight",293.67,2014-01-06,2014-01-06 20:49:00,7354,"20","L9254"
"1075","Stewart and Sons Fabrication",278.52,2014-01-14,2014-01-14 11:55:00,9735,"11","L9633"
"1076","Stewart and Sons Fabrication",918.6,2014-01-09,2014-01-09 15:00:00,2276,"15","L3317"
"1077","Stewart and Sons Fabrication",1015.65,2014-01-09,2014-01-09 10:38:00,3506,"10","L7761"
"1078","Stewart and Sons Fabrication",1200.9,2014-01-07,2014-01-07 10:05:00,3506,"10","L7761"
"1079","Stewart and Sons Fabrication",1673.77,2014-01-08,2014-01-08 11:58:00,9735,"11","L9633"
"1080","Stewart and Sons Fabrication",1738.26,2014-01-08,2014-01-08 11:28:00,9152,"11","L5485"
"1081","Stewart and Sons Fabrication",1753.17,2014-01-17,2014-01-17 11:32:00,9735,"11","L9633"
"1082","Stewart and Sons Fabrication",2144.62,2014-01-06,2014-01-06 11:33:00,9735,"11","L9633"
"1083","Stewart and Sons Fabrication",3544,2014-01-09,2014-01-09 11:37:00,9735,"11","L9633"
"1084","Stewart and Sons Fabrication",4074.1,2014-01-10,2014-01-10 11:49:00,9735,"11","L9633"
"1085","Stewart and Sons Fabrication",4195.49,2014-01-10,2014-01-10 12:10:00,9614,"12","L5924"
"1086","Stewart and Sons Fabrication",4543.31,2014-01-16,2014-01-16 11:45:00,9735,"11","L9633"
"1087","U-Pump",59.51,2014-01-06,2014-01-06 17:28:00,3484,"17","L2490"
